0,1,2,3,4,5,6,7,8,9,10,11,12,13,14,15,16,17,18,19,20,21,22,23,24,25,26,27,28,29,30,31,32,33,34,35,36,37,38,39,40,41,42,43,44,45,46,47,48,49,50,51,52,53,54,55,56,57,58,59,60,61,62,63,64,65,66,67,68,69,70,71,72,73,74,75,76,77,78,79,80,81,82,83,84,85,86,87,88,89,90,91,92,93,94,95,96,97,98,99,100,101,102,103,104,105,106,107,108,109,110,111,112,113,114,115,116,117,118,119,120
,ChIJ7arf5ae0RIYRbqp3uN3Ir28,5427 S Congress Ave,Auto body shop,(512) 774-6379,https://www.google.com/maps/place/Professional+Automotive/data=!4m7!3m6!1s0x8644b4a7e5dfaaed:0x6fafc8ddb877aa6e!8m2!3d30.2063251!4d-97.7738313!16s%2Fg%2F1tjy1x0n!19sChIJ7arf5ae0RIYRbqp3uN3Ir28?authuser=0&hl=en&rclk=1,//www.googleadservices.com/pagead/aclk?sa=L&ai=DChcSEwiKhqD5sISIAxU6o2YCHdXWAnAYABABGgJzbQ&co=1&ase=2&gclid=EAIaIQobChMIioag-bCEiAMVOqNmAh3V1gJwEBAYASAAEgKc2vD_BwE&ohost=www.google.com&cid=CAASEeRoarywHkmpczWVFiXCt4N2&sig=AOD64_2zvJxYAergvgY1CSmfhd54bgItbw&adurl&q&ctype=99&nis=6,Professional Automotive,4.7 stars 44 Reviews,4.7,44
,ChIJY36YEFrSRIYRyLj6p73zFJQ,,Car detailing service,(512) 487-4873,https://www.google.com/maps/place/Xtreme+Auto+Detail/data=!4m7!3m6!1s0x8644d25a10987e63:0x9414f3bda7fab8c8!8m2!3d30.406273!4d-97.926611!16s%2Fg%2F11bwptzl83!19sChIJY36YEFrSRIYRyLj6p73zFJQ?authuser=0&hl=en&rclk=1,//www.googleadservices.com/pagead/aclk?sa=L&ai=DChcSEwiKhqD5sISIAxU6o2YCHdXWAnAYABAAGgJzbQ&co=1&ase=2&gclid=EAIaIQobChMIioag-bCEiAMVOqNmAh3V1gJwEBAYAiAAEgKzg_D_BwE&ohost=www.google.com&cid=CAASEeRoarywHkmpczWVFiXCt4N2&sig=AOD64_0QvYyregZaepz0Izdni-KywHpOOw&adurl&q&ctype=99&nis=6,Xtreme Auto Detail,4.9 stars 155 Reviews,4.9,155
,ChIJ93MQ3KZMW4YR3f5wEK7m69s,,Auto repair shop,(512) 440-8878,https://www.google.com/maps/place/Austin%27s+Automotive+Specialists/data=!4m7!3m6!1s0x865b4ca6dc1073f7:0xdbebe6ae1070fedd!8m2!3d30.200386!4d-97.8003864!16s%2Fg%2F1tgjlq8m!19sChIJ93MQ3KZMW4YR3f5wEK7m69s?authuser=0&hl=en&rclk=1,https://austinsautomotivespecialists.com/1417-west-william-cannon-drive/,Austin's Automotive Specialists,4.8 stars 1,045 Reviews,4.8,NaN
,ChIJ7b7Sj7W0RIYRnqKP004d43c,,Auto repair shop,(512) 326-3881,https://www.google.com/maps/place/Auto+Tek/data=!4m7!3m6!1s0x8644b4b58fd2beed:0x77e31d4ed38fa29e!8m2!3d30.2266028!4d-97.7814457!16s%2Fg%2F1tfx58jn!19sChIJ7b7Sj7W0RIYRnqKP004d43c?authuser=0&hl=en&rclk=1,https://autotekinc.net/,Auto Tek,4.9 stars 758 Reviews,4.9,758
,ChIJv_pqj73LRIYRAL-vjIh_BS4,,Auto repair shop,(512) 690-4774,https://www.google.com/maps/place/Tech+One+Automotive/data=!4m7!3m6!1s0x8644cbbd8f6afabf:0x2e057f888cafbf00!8m2!3d30.3678371!4d-97.7273065!16s%2Fg%2F1vc_qrmr!19sChIJv_pqj73LRIYRAL-vjIh_BS4?authuser=0&hl=en&rclk=1,http://techoneauto.com/,Tech One Automotive,4.8 stars 874 Reviews,4.8,874
,ChIJU3SGPoC2RIYRz7U9FjGpEyk,,Auto repair shop,(512) 385-5853,https://www.google.com/maps/place/Juke+Auto/data=!4m7!3m6!1s0x8644b6803e867453:0x2913a931163db5cf!8m2!3d30.2589491!4d-97.694212!16s%2Fg%2F1tg_xg_g!19sChIJU3SGPoC2RIYRz7U9FjGpEyk?authuser=0&hl=en&rclk=1,https://www.jukeauto.com/,Juke Auto,4.7 stars 872 Reviews,4.7,872
,ChIJDd_CYFrJRIYR4sTXg9ZtB6s,,Auto repair shop,(512) 837-3714,https://www.google.com/maps/place/Luu+Auto+Repair+%26+Body+Shop/data=!4m7!3m6!1s0x8644c95a60c2df0d:0xab076dd683d7c4e2!8m2!3d30.3804966!4d-97.6902368!16s%2Fg%2F1tq6dwrz!19sChIJDd_CYFrJRIYR4sTXg9ZtB6s?authuser=0&hl=en&rclk=1,,Luu Auto Repair & Body Shop,4.9 stars 115 Reviews,4.9,115
,ChIJ3T7308VMW4YRm1V2EDxxtMI,,Auto repair shop,(512) 840-0066,https://www.google.com/maps/place/Lopez+Auto+Repair/data=!4m7!3m6!1s0x865b4cc5d3f73edd:0xc2b4713c1076559b!8m2!3d30.1747237!4d-97.79861!16s%2Fg%2F11cjp60k3b!19sChIJ3T7308VMW4YRm1V2EDxxtMI?authuser=0&hl=en&rclk=1,http://www.lopezautorepair.com/,Lopez Auto Repair,4.6 stars 151 Reviews,4.6,151
,ChIJiZ8yEtLLRIYR3XniWLkM1yw,8225 N Lamar Blvd,Auto repair shop,(512) 837-1417,https://www.google.com/maps/place/Luu+Auto+Repair/data=!4m7!3m6!1s0x8644cbd212329f89:0x2cd70cb958e279dd!8m2!3d30.3511742!4d-97.7080048!16s%2Fg%2F1twyzyll!19sChIJiZ8yEtLLRIYR3XniWLkM1yw?authuser=0&hl=en&rclk=1,,Luu Auto Repair,4.9 stars 147 Reviews,4.9,147
,ChIJTTspeaYyW4YRY-_6EHWSEbs,,Auto repair shop,(512) 331-5166,https://www.google.com/maps/place/Austin%27s+Automotive+Specialists/data=!4m7!3m6!1s0x865b32a679293b4d:0xbb11927510faef63!8m2!3d30.4371393!4d-97.7769725!16s%2Fg%2F11gz9mfks!19sChIJTTspeaYyW4YRY-_6EHWSEbs?authuser=0&hl=en&rclk=1,https://austinsautomotivespecialists.com/12990-research-blvd/,Austin's Automotive Specialists,4.8 stars 639 Reviews,4.8,639
,ChIJBUHnEWbKRIYR8pi2f051h58,,Auto repair shop,(512) 872-5547,https://www.google.com/maps/place/Dave%27s+Ultimate+Automotive/data=!4m7!3m6!1s0x8644ca6611e74105:0x9f87754e7fb698f2!8m2!3d30.3181679!4d-97.7315495!16s%2Fg%2F1tkbym2w!19sChIJBUHnEWbKRIYR8pi2f051h58?authuser=0&hl=en&rclk=1,https://davesultimateautomotive.com/central-austin/,Dave's Ultimate Automotive,4.6 stars 654 Reviews,4.6,654
,ChIJt_Kkxz3ORIYRyR9LR9hVz8M,,Auto repair shop,(512) 358-6707,https://www.google.com/maps/place/Austin+DIY+Shop/data=!4m7!3m6!1s0x8644ce3dc7a4f2b7:0xc3cf55d8474b1fc9!8m2!3d30.3735066!4d-97.6919293!16s%2Fg%2F12ls_j_th!19sChIJt_Kkxz3ORIYRyR9LR9hVz8M?authuser=0&hl=en&rclk=1,http://www.diyatx.com/,Austin DIY Shop,4.9 stars 290 Reviews,4.9,290
,ChIJmRM6gBfMRIYR0uEGvhaPNFg,,Auto repair shop,(512) 836-6615,https://www.google.com/maps/place/Riethmeyer%27s+Auto+Repair/data=!4m7!3m6!1s0x8644cc17803a1399:0x58348f16be06e1d2!8m2!3d30.4128016!4d-97.7096369!16s%2Fg%2F1tf65w8k!19sChIJmRM6gBfMRIYR0uEGvhaPNFg?authuser=0&hl=en&rclk=1,http://www.riethmeyerauto.com/,Riethmeyer's Auto Repair,4.9 stars 188 Reviews,4.9,188
,ChIJlaoXd7m0RIYR2D7x3xj6YBU,,Auto repair shop,(512) 881-7210,https://www.google.com/maps/place/Dave%27s+Ultimate+Automotive/data=!4m7!3m6!1s0x8644b4b97717aa95:0x1560fa18dff13ed8!8m2!3d30.2383816!4d-97.7617441!16s%2Fg%2F1v9t_8y_!19sChIJlaoXd7m0RIYR2D7x3xj6YBU?authuser=0&hl=en&rclk=1,https://davesultimateautomotive.com/south-austin/,Dave's Ultimate Automotive,4.7 stars 642 Reviews,4.7,642
,ChIJL2flLRjMRIYRQXXB9ynyfyI,,Auto repair shop,(512) 836-6724,https://www.google.com/maps/place/All+Tune+and+Lube+Total+Car+Care/data=!4m7!3m6!1s0x8644cc182de5672f:0x227ff229f7c17541!8m2!3d30.4135676!4d-97.7087885!16s%2Fg%2F119vr_9h_!19sChIJL2flLRjMRIYRQXXB9ynyfyI?authuser=0&hl=en&rclk=1,http://www.atlaustin.com/,All Tune and Lube Total Car Care,4.8 stars 292 Reviews,4.8,292
,ChIJBcDgVF7KRIYRiY0OnZCYBbQ,,Auto repair shop,(512) 467-1255,https://www.google.com/maps/place/Century+Automotive/data=!4m7!3m6!1s0x8644ca5e54e0c005:0xb40598909d0e8d89!8m2!3d30.3247332!4d-97.7387378!16s%2Fg%2F1tqyfx3_!19sChIJBcDgVF7KRIYRiY0OnZCYBbQ?authuser=0&hl=en&rclk=1,,Century Automotive,4.9 stars 151 Reviews,4.9,151
,ChIJ5eYCI5EyW4YRqB5nH-dDkgc,,Auto repair shop,(512) 343-7711,https://www.google.com/maps/place/Auto+Techs/data=!4m7!3m6!1s0x865b32912302e6e5:0x79243e71f671ea8!8m2!3d30.4029099!4d-97.7468075!16s%2Fg%2F1tdgvtl7!19sChIJ5eYCI5EyW4YRqB5nH-dDkgc?authuser=0&hl=en&rclk=1,http://www.austinautotechs.com/,Auto Techs,4.7 stars 262 Reviews,4.7,262
,ChIJLRx-AH_KRIYR2MkJLIU8KUo,,Auto repair shop,(512) 459-9917,https://www.google.com/maps/place/Flamingo+Automotive/data=!4m7!3m6!1s0x8644ca7f007e1c2d:0x4a293c852c09c9d8!8m2!3d30.301954!4d-97.739014!16s%2Fg%2F1th7n8vv!19sChIJLRx-AH_KRIYR2MkJLIU8KUo?authuser=0&hl=en&rclk=1,http://flamingoautomotive.com/,Flamingo Automotive,4.7 stars 203 Reviews,4.7,203
,ChIJERRKaPu0RIYRUTxLK2Z_95w,,Auto repair shop,(512) 447-2886,https://www.google.com/maps/place/Capital+City+Automotive/data=!4m7!3m6!1s0x8644b4fb684a1411:0x9cf77f662b4b3c51!8m2!3d30.2456967!4d-97.7514654!16s%2Fg%2F1tgd6y2l!19sChIJERRKaPu0RIYRUTxLK2Z_95w?authuser=0&hl=en&rclk=1,http://www.capitalcityautoaustin.com/,Capital City Automotive,4.7 stars 132 Reviews,4.7,132
,ChIJ82CtQ7q0RIYRh6ZoCgdUSBo,,Auto repair shop,(803) 868-9485,https://www.google.com/maps/place/Leonard%27s+Automotive+Service+Center/data=!4m7!3m6!1s0x8644b4ba43ad60f3:0x1a4854070a68a687!8m2!3d30.22067!4d-97.7727569!16s%2Fg%2F1vn9pg_x!19sChIJ82CtQ7q0RIYRh6ZoCgdUSBo?authuser=0&hl=en&rclk=1,https://ineedcarrepair.com/,Leonard's Automotive Service Center,4.5 stars 409 Reviews,4.5,409
,ChIJhaTnjgTNRIYRB74d5drVbZE,,Auto repair shop,(512) 335-4343,https://www.google.com/maps/place/Sun+Auto+Service/data=!4m7!3m6!1s0x8644cd048ee7a485:0x916dd5dae51dbe07!8m2!3d30.4418533!4d-97.7504719!16s%2Fg%2F1tq4rgvk!19sChIJhaTnjgTNRIYRB74d5drVbZE?authuser=0&hl=en&rclk=1,https://www.sunautoservice.com/locations/tx/austin/auto-repair-4023.html,Sun Auto Service,4.7 stars 617 Reviews,4.7,617
,ChIJEzEvMYfORIYRoqTYLhWGqhw,,Auto repair shop,(512) 881-9819,https://www.google.com/maps/place/Dave%27s+Ultimate+Automotive/data=!4m7!3m6!1s0x8644ce87312f3113:0x1caa86152ed8a4a2!8m2!3d30.437211!4d-97.6923879!16s%2Fg%2F1tfg3gvc!19sChIJEzEvMYfORIYRoqTYLhWGqhw?authuser=0&hl=en&rclk=1,https://davesultimateautomotive.com/north-austin/,Dave's Ultimate Automotive,4.7 stars 720 Reviews,4.7,720
,ChIJCSlF6sq0RIYRO5-LiE4xF24,,Auto repair shop,(737) 258-7522,https://www.google.com/maps/place/Terry+Sayther+Automotive/data=!4m7!3m6!1s0x8644b4caea452909:0x6e17314e888b9f3b!8m2!3d30.2294096!4d-97.7839239!16s%2Fg%2F1vvr6ltv!19sChIJCSlF6sq0RIYRO5-LiE4xF24?authuser=0&hl=en&rclk=1,https://www.terrysaytherauto.com/,Terry Sayther Automotive,4.9 stars 1,019 Reviews,4.9,NaN
,ChIJL2flLRjMRIYRQXXB9ynyfyI,,Auto repair shop,(512) 836-6724,https://www.google.com/maps/place/All+Tune+and+Lube+Total+Car+Care/data=!4m7!3m6!1s0x8644cc182de5672f:0x227ff229f7c17541!8m2!3d30.4135676!4d-97.7087885!16s%2Fg%2F119vr_9h_!19sChIJL2flLRjMRIYRQXXB9ynyfyI?authuser=0&hl=en&rclk=1,http://www.atlaustin.com/,All Tune and Lube Total Car Care,4.8 stars 292 Reviews,4.8,292
,ChIJSUsVJL-0RIYRYdo4xiEIV6U,,Auto repair shop,(512) 326-4600,https://www.google.com/maps/place/Minas+Auto+Care+-+Auto+Repair+Austin/data=!4m7!3m6!1s0x8644b4bf24154b49:0xa5570821c638da61!8m2!3d30.3785828!4d-97.6809943!16s%2Fg%2F11bv6ppdlp!19sChIJSUsVJL-0RIYRYdo4xiEIV6U?authuser=0&hl=en&rclk=1,http://www.minasautocare.com/,Minas Auto Care - Auto Repair Austin,4.9 stars 27 Reviews,4.9,27
,ChIJl3rb3DRLW4YRAf3Koes3GWY,,Auto repair shop,(512) 441-8939,https://www.google.com/maps/place/Lopez+Auto+Repair/data=!4m7!3m6!1s0x865b4b34dcdb7a97:0x661937eba1cafd01!8m2!3d30.2307601!4d-97.7865565!16s%2Fg%2F1tksj6gh!19sChIJl3rb3DRLW4YRAf3Koes3GWY?authuser=0&hl=en&rclk=1,http://lopezautorepair.com/,Lopez Auto Repair,4.7 stars 127 Reviews,4.7,127
,ChIJl32uJM_LRIYRDIEqRIMslw0,,Auto repair shop,(512) 310-2222,https://www.google.com/maps/place/Deluxe+Auto+Services/data=!4m7!3m6!1s0x8644cbcf24ae7d97:0xd972c83442a810c!8m2!3d30.3555623!4d-97.7141825!16s%2Fg%2F1tjxg17m!19sChIJl32uJM_LRIYRDIEqRIMslw0?authuser=0&hl=en&rclk=1,,Deluxe Auto Services,4.6 stars 64 Reviews,4.6,64
,ChIJiZ8yEtLLRIYR3XniWLkM1yw,8225 N Lamar Blvd,Auto repair shop,(512) 837-1417,https://www.google.com/maps/place/Luu+Auto+Repair/data=!4m7!3m6!1s0x8644cbd212329f89:0x2cd70cb958e279dd!8m2!3d30.3511742!4d-97.7080048!16s%2Fg%2F1twyzyll!19sChIJiZ8yEtLLRIYR3XniWLkM1yw?authuser=0&hl=en&rclk=1,,Luu Auto Repair,4.9 stars 147 Reviews,4.9,147
,ChIJNQA-UFrJRIYR3jqDeiPaNps,,Auto repair shop,(512) 821-1360,https://www.google.com/maps/place/5Star+Auto/data=!4m7!3m6!1s0x8644c95a503e0035:0x9b36da237a833ade!8m2!3d30.3800123!4d-97.6906406!16s%2Fg%2F1v_0k44l!19sChIJNQA-UFrJRIYR3jqDeiPaNps?authuser=0&hl=en&rclk=1,http://5starautotx.com/,5Star Auto,4.9 stars 260 Reviews,4.9,260
,ChIJ5XUSfUvKRIYR09n_dmB1Iug,,Auto repair shop,(512) 467-0765,https://www.google.com/maps/place/Crestview+Auto+Repair/data=!4m7!3m6!1s0x8644ca4b7d1275e5:0xe822756076ffd9d3!8m2!3d30.3434627!4d-97.7252764!16s%2Fg%2F1tcx1xtj!19sChIJ5XUSfUvKRIYR09n_dmB1Iug?authuser=0&hl=en&rclk=1,,Crestview Auto Repair,4.8 stars 39 Reviews,4.8,39
,ChIJU3SGPoC2RIYRz7U9FjGpEyk,,Auto repair shop,(512) 385-5853,https://www.google.com/maps/place/Juke+Auto/data=!4m7!3m6!1s0x8644b6803e867453:0x2913a931163db5cf!8m2!3d30.2589491!4d-97.694212!16s%2Fg%2F1tg_xg_g!19sChIJU3SGPoC2RIYRz7U9FjGpEyk?authuser=0&hl=en&rclk=1,https://www.jukeauto.com/,Juke Auto,4.7 stars 872 Reviews,4.7,872
,ChIJ-z34eHFMW4YRr0SFsl6pYFo,,Auto repair shop,(512) 607-7623,https://www.google.com/maps/place/Christian+Brothers+Automotive+Brodie+Lane/data=!4m7!3m6!1s0x865b4c7178f83dfb:0x5a60a95eb28544af!8m2!3d30.1924711!4d-97.8449125!16s%2Fg%2F1th0bw3l!19sChIJ-z34eHFMW4YRr0SFsl6pYFo?authuser=0&hl=en&rclk=1,https://www.cbac.com/brodie-lane/,Christian Brothers Automotive Brodie Lane,4.7 stars 889 Reviews,4.7,889
,ChIJQ7KtIt_MRIYRcVTIyiDygqM,,Auto repair shop,(512) 518-4988,https://www.google.com/maps/place/Meineke+Car+Care+Center/data=!4m7!3m6!1s0x8644ccdf22adb243:0xa382f220cac85471!8m2!3d30.4327291!4d-97.7676679!16s%2Fg%2F1hc45lq48!19sChIJQ7KtIt_MRIYRcVTIyiDygqM?authuser=0&hl=en&rclk=1,https://www.meineke.com/locations/tx/austin-483/?utm_source=google&utm_medium=organic&utm_campaign=gbp_website,Meineke Car Care Center,4.8 stars 556 Reviews,4.8,556
,ChIJlaoXd7m0RIYR2D7x3xj6YBU,,Auto repair shop,(512) 881-7210,https://www.google.com/maps/place/Dave%27s+Ultimate+Automotive/data=!4m7!3m6!1s0x8644b4b97717aa95:0x1560fa18dff13ed8!8m2!3d30.2383816!4d-97.7617441!16s%2Fg%2F1v9t_8y_!19sChIJlaoXd7m0RIYR2D7x3xj6YBU?authuser=0&hl=en&rclk=1,https://davesultimateautomotive.com/south-austin/,Dave's Ultimate Automotive,4.7 stars 642 Reviews,4.7,642
,ChIJEzEvMYfORIYRoqTYLhWGqhw,,Auto repair shop,(512) 881-9819,https://www.google.com/maps/place/Dave%27s+Ultimate+Automotive/data=!4m7!3m6!1s0x8644ce87312f3113:0x1caa86152ed8a4a2!8m2!3d30.437211!4d-97.6923879!16s%2Fg%2F1tfg3gvc!19sChIJEzEvMYfORIYRoqTYLhWGqhw?authuser=0&hl=en&rclk=1,https://davesultimateautomotive.com/north-austin/,Dave's Ultimate Automotive,4.7 stars 720 Reviews,4.7,720
,ChIJFaILl1zJRIYRGov8e7bek94,,Auto repair shop,(512) 552-3091,https://www.google.com/maps/place/Ramirez+Auto+Repair/data=!4m7!3m6!1s0x8644c95c970ba215:0xde93deb67bfc8b1a!8m2!3d30.3761495!4d-97.6885267!16s%2Fg%2F11bz_4h9y7!19sChIJFaILl1zJRIYRGov8e7bek94?authuser=0&hl=en&rclk=1,,Ramirez Auto Repair,4.5 stars 36 Reviews,4.5,36
,ChIJX0wGOLczW4YRCN85Zd18tRg,,Auto repair shop,(512) 335-6043,https://www.google.com/maps/place/QualTech+Automotive/data=!4m7!3m6!1s0x865b33b738064c5f:0x18b57cdd6539df08!8m2!3d30.4479849!4d-97.8304041!16s%2Fg%2F1ty74p9t!19sChIJX0wGOLczW4YRCN85Zd18tRg?authuser=0&hl=en&rclk=1,https://qualtechauto.com/austin/,QualTech Automotive,4.9 stars 1,003 Reviews,4.9,NaN
,ChIJeZw7IqzLRIYRnaaD7ZeBvhA,,Tire shop,(512) 453-2221,https://www.google.com/maps/place/Lucas+Tire+%26+Auto+Service/data=!4m7!3m6!1s0x8644cbac223b9c79:0x10be8197ed83a69d!8m2!3d30.3504297!4d-97.7348658!16s%2Fg%2F11b75fh7xc!19sChIJeZw7IqzLRIYRnaaD7ZeBvhA?authuser=0&hl=en&rclk=1,,Lucas Tire & Auto Service,4.8 stars 361 Reviews,4.8,361
,ChIJDd_CYFrJRIYR4sTXg9ZtB6s,,Auto repair shop,(512) 837-3714,https://www.google.com/maps/place/Luu+Auto+Repair+%26+Body+Shop/data=!4m7!3m6!1s0x8644c95a60c2df0d:0xab076dd683d7c4e2!8m2!3d30.3804966!4d-97.6902368!16s%2Fg%2F1tq6dwrz!19sChIJDd_CYFrJRIYR4sTXg9ZtB6s?authuser=0&hl=en&rclk=1,,Luu Auto Repair & Body Shop,4.9 stars 115 Reviews,4.9,115
,ChIJa5GIj1vORIYRiV1N9_aYs_w,,Auto repair shop,(512) 821-0536,https://www.google.com/maps/place/Lone+Star+Complete+Auto+Care+and+Transmission/data=!4m7!3m6!1s0x8644ce5b8f88916b:0xfcb398f6f74d5d89!8m2!3d30.3686035!4d-97.6768089!16s%2Fg%2F1xcbq027!19sChIJa5GIj1vORIYRiV1N9_aYs_w?authuser=0&hl=en&rclk=1,https://lonestarcompleteautocare.com/,Lone Star Complete Auto Care and Transmission,4.6 stars 64 Reviews,4.6,64
,ChIJlc2kaqPORIYRFwte2c4vyyA,,Auto repair shop,(512) 834-0604,https://www.google.com/maps/place/Austin%27s+Automotive+Specialists/data=!4m7!3m6!1s0x8644cea36aa4cd95:0x20cb2fced95e0b17!8m2!3d30.4118918!4d-97.6890258!16s%2Fg%2F1thl5twr!19sChIJlc2kaqPORIYRFwte2c4vyyA?authuser=0&hl=en&rclk=1,https://austinsautomotivespecialists.com/1607-west-parmer/,Austin's Automotive Specialists,4.6 stars 1,249 Reviews,4.6,NaN
,ChIJZy5QIMHLRIYRCbvO8QQgQ5M,,Auto repair shop,(512) 454-3733,https://www.google.com/maps/place/Excalibur+Automotive+Repair/data=!4m7!3m6!1s0x8644cbc120502e67:0x93432004f1cebb09!8m2!3d30.3651901!4d-97.7172898!16s%2Fg%2F1vjdqg4n!19sChIJZy5QIMHLRIYRCbvO8QQgQ5M?authuser=0&hl=en&rclk=1,https://excaliburautorepair.com/,Excalibur Automotive Repair,4.7 stars 260 Reviews,4.7,260
,ChIJBcDgVF7KRIYRiY0OnZCYBbQ,,Auto repair shop,(512) 467-1255,https://www.google.com/maps/place/Century+Automotive/data=!4m7!3m6!1s0x8644ca5e54e0c005:0xb40598909d0e8d89!8m2!3d30.3247332!4d-97.7387378!16s%2Fg%2F1tqyfx3_!19sChIJBcDgVF7KRIYRiY0OnZCYBbQ?authuser=0&hl=en&rclk=1,,Century Automotive,4.9 stars 151 Reviews,4.9,151
,ChIJAw0QGh-1RIYRsF0FoFZ6-8Y,,Auto repair shop,(512) 443-4122,https://www.google.com/maps/place/Rising+Sun+Automotive/data=!4m7!3m6!1s0x8644b51f1a100d03:0xc6fb7a56a0055db0!8m2!3d30.2557232!4d-97.7613253!16s%2Fg%2F1tdc5m5t!19sChIJAw0QGh-1RIYRsF0FoFZ6-8Y?authuser=0&hl=en&rclk=1,http://www.risingsunjapanese.com/,Rising Sun Automotive,4.6 stars 231 Reviews,4.6,231
,ChIJp6QNp_WxRIYREk6wHZ6P8wQ,6608 S Hwy 183 S,Auto repair shop,(512) 799-4011,https://www.google.com/maps/place/George+Auto+Repair+%26+Inspections/data=!4m7!3m6!1s0x8644b1f5a70da4a7:0x4f38f9e1db04e12!8m2!3d30.1611116!4d-97.6943361!16s%2Fg%2F1tks6q24!19sChIJp6QNp_WxRIYREk6wHZ6P8wQ?authuser=0&hl=en&rclk=1,,George Auto Repair & Inspections,4.7 stars 53 Reviews,4.7,53
,ChIJ--fokMVLW4YRSfrLK5GR0ds,,Auto repair shop,(512) 892-2447,https://www.google.com/maps/place/Southwest+Automotive/data=!4m7!3m6!1s0x865b4bc590e8e7fb:0xdbd191912bcbfa49!8m2!3d30.2331982!4d-97.8581644!16s%2Fg%2F1tlbpks1!19sChIJ--fokMVLW4YRSfrLK5GR0ds?authuser=0&hl=en&rclk=1,http://southwestautomotiveaustin.com/,Southwest Automotive,4.7 stars 81 Reviews,4.7,81
,ChIJPSApwFjKRIYR0UPefKhG3-w,,Auto repair shop,(512) 346-0152,https://www.google.com/maps/place/Arbor+Autoworks/data=!4m7!3m6!1s0x8644ca58c029203d:0xecdf46a87cde43d1!8m2!3d30.3290081!4d-97.7402856!16s%2Fg%2F1tf87gx9!19sChIJPSApwFjKRIYR0UPefKhG3-w?authuser=0&hl=en&rclk=1,https://arborautoworks.com/,Arbor Autoworks,4.6 stars 214 Reviews,4.6,214
,ChIJPfpA0-q0RIYRBXwI0zuHRCA,,Auto repair shop,(512) 667-8636,https://www.google.com/maps/place/Calderon+Auto+Repair/data=!4m7!3m6!1s0x8644b4ead340fa3d:0x2044873bd3087c05!8m2!3d30.2289655!4d-97.7614155!16s%2Fg%2F11fll6fgkw!19sChIJPfpA0-q0RIYRBXwI0zuHRCA?authuser=0&hl=en&rclk=1,,Calderon Auto Repair,4.9 stars 25 Reviews,4.9,25
,ChIJmzblnLm0RIYRiLbLuTPxYFI,,Auto repair shop,(512) 445-9644,https://www.google.com/maps/place/Superior+Automotive/data=!4m7!3m6!1s0x8644b4b99ce5369b:0x5260f133b9cbb688!8m2!3d30.2234113!4d-97.7717682!16s%2Fg%2F1tlkcrzm!19sChIJmzblnLm0RIYRiLbLuTPxYFI?authuser=0&hl=en&rclk=1,http://www.superiorautomotiveaustin.com/,Superior Automotive,4.9 stars 88 Reviews,4.9,88
,ChIJvwTWJS1LW4YRJHs4ajTrkvg,,Tire shop,(512) 583-1440,https://www.google.com/maps/place/Lamb%27s+Tire+%26+Automotive/data=!4m7!3m6!1s0x865b4b2d25d604bf:0xf892eb346a387b24!8m2!3d30.2414783!4d-97.785958!16s%2Fg%2F11btx14t9m!19sChIJvwTWJS1LW4YRJHs4ajTrkvg?authuser=0&hl=en&rclk=1,https://lambstire.com/locations/tires-auto-repair-south-lamar-austin-tx/,Lamb's Tire & Automotive,4.6 stars 827 Reviews,4.6,827
,ChIJl_G5FR7NRIYRVJYuwDKxQTg,,Auto repair shop,(512) 336-7010,https://www.google.com/maps/place/Bearden+Automotive/data=!4m7!3m6!1s0x8644cd1e15b9f197:0x3841b132c02e9654!8m2!3d30.4363561!4d-97.7595402!16s%2Fg%2F1xtf1z63!19sChIJl_G5FR7NRIYRVJYuwDKxQTg?authuser=0&hl=en&rclk=1,https://www.beardenautomotive.com/,Bearden Automotive,4.9 stars 169 Reviews,4.9,169
,ChIJETjNAZq2RIYRnVe1EO2-V-o,,Auto repair shop,(512) 774-1903,https://www.google.com/maps/place/Davo%E2%80%99s+Auto+Repair+%26+Service/data=!4m7!3m6!1s0x8644b69a01cd3811:0xea57beed10b5579d!8m2!3d30.3373346!4d-97.7200939!16s%2Fg%2F11hbghh3bp!19sChIJETjNAZq2RIYRnVe1EO2-V-o?authuser=0&hl=en&rclk=1,https://www.facebook.com/Davosauto,Davo’s Auto Repair & Service,4.5 stars 46 Reviews,4.5,46
,ChIJ_Q5OjA_ORIYRti24BHiXnB8,,Auto repair shop,(512) 310-1107,https://www.google.com/maps/place/Pampered+Auto+Care/data=!4m7!3m6!1s0x8644ce0f8c4e0efd:0x1f9c977804b82db6!8m2!3d30.4735959!4d-97.6888111!16s%2Fg%2F1tdvkksy!19sChIJ_Q5OjA_ORIYRti24BHiXnB8?authuser=0&hl=en&rclk=1,http://www.pamperedautocare.com/,Pampered Auto Care,4.5 stars 145 Reviews,4.5,145
,ChIJh-7os7O3RIYRMktwa8hzAGw,,Auto repair shop,(512) 436-4783,https://www.google.com/maps/place/Austin+Car+Care+.LLC/data=!4m7!3m6!1s0x8644b7b3b3e8ee87:0x6c0073c86b704b32!8m2!3d30.3223533!4d-97.7281551!16s%2Fg%2F11b5wjsl2n!19sChIJh-7os7O3RIYRMktwa8hzAGw?authuser=0&hl=en&rclk=1,,Austin Car Care .LLC,4.5 stars 104 Reviews,4.5,104
,ChIJkce5j67LRIYRkLN-NsoRvX4,,Auto repair shop,(512) 454-3454,https://www.google.com/maps/place/Advanced+Automotive+%26+Tire/data=!4m7!3m6!1s0x8644cbae8fb9c791:0x7ebd11ca367eb390!8m2!3d30.3516876!4d-97.7339041!16s%2Fg%2F1tf48jzl!19sChIJkce5j67LRIYRkLN-NsoRvX4?authuser=0&hl=en&rclk=1,http://www.advancedautoandtire.com/,Advanced Automotive & Tire,4.8 stars 140 Reviews,4.8,140
,ChIJkR0uHy7NRIYRLNLW9OY80Ts,,Auto repair shop,(512) 601-8246,https://www.google.com/maps/place/Northwest+Imports/data=!4m7!3m6!1s0x8644cd2e1f2e1d91:0x3bd13ce6f4d6d22c!8m2!3d30.4448603!4d-97.7792154!16s%2Fg%2F1w6r8p13!19sChIJkR0uHy7NRIYRLNLW9OY80Ts?authuser=0&hl=en&rclk=1,https://nwimports.com/,Northwest Imports,5.0 stars 482 Reviews,5,482
,ChIJcR3Mh-a0RIYRlXpMdH0woPc,,Auto repair shop,(512) 768-2965,https://www.google.com/maps/place/Jimmy%27s+Top+Tech+Auto/data=!4m7!3m6!1s0x8644b4e687cc1d71:0xf7a0307d744c7a95!8m2!3d30.2435398!4d-97.7585501!16s%2Fg%2F1tjyp2yz!19sChIJcR3Mh-a0RIYRlXpMdH0woPc?authuser=0&hl=en&rclk=1,https://www.austinautorepairshop.com/,Jimmy's Top Tech Auto,4.5 stars 158 Reviews,4.5,158
,ChIJ5eYCI5EyW4YRqB5nH-dDkgc,,Auto repair shop,(512) 343-7711,https://www.google.com/maps/place/Auto+Techs/data=!4m7!3m6!1s0x865b32912302e6e5:0x79243e71f671ea8!8m2!3d30.4029099!4d-97.7468075!16s%2Fg%2F1tdgvtl7!19sChIJ5eYCI5EyW4YRqB5nH-dDkgc?authuser=0&hl=en&rclk=1,http://www.austinautotechs.com/,Auto Techs,4.7 stars 262 Reviews,4.7,262
,ChIJZdpbnL3LRIYRA35ed5ieeog,,Auto repair shop,(737) 260-7824,https://www.google.com/maps/place/Gordon+Automotive/data=!4m7!3m6!1s0x8644cbbd9c5bda65:0x887a9e98775e7e03!8m2!3d30.3633728!4d-97.7300226!16s%2Fg%2F1v2gf4d8!19sChIJZdpbnL3LRIYRA35ed5ieeog?authuser=0&hl=en&rclk=1,http://gordonautomotive.com/?utm_campaign=gmb,Gordon Automotive,4.7 stars 233 Reviews,4.7,233
,ChIJ27BR7lkyW4YRn9uCxLC11JM,,Auto repair shop,(512) 258-1006,https://www.google.com/maps/place/Dearing+Automotive/data=!4m7!3m6!1s0x865b3259ee51b0db:0x93d4b5b0c482db9f!8m2!3d30.4433655!4d-97.8335298!16s%2Fg%2F1td590j9!19sChIJ27BR7lkyW4YRn9uCxLC11JM?authuser=0&hl=en&rclk=1,,Dearing Automotive,4.4 stars 98 Reviews,4.4,98
,ChIJ0SnrKjO0RIYRCg9HH9d0gqE,,Auto repair shop,(512) 766-2886,https://www.google.com/maps/place/766+Auto+Inc/data=!4m7!3m6!1s0x8644b4332aeb29d1:0xa18274d71f470f0a!8m2!3d30.2545641!4d-97.7118394!16s%2Fg%2F1tksj5ln!19sChIJ0SnrKjO0RIYRCg9HH9d0gqE?authuser=0&hl=en&rclk=1,https://www.766auto.com/,766 Auto Inc,4.3 stars 214 Reviews,4.3,214
,ChIJWVDK8OGzRIYRk0iCRjwzBE8,7511 Burleson Rd,Auto repair shop,(833) 412-3608,https://www.google.com/maps/place/MARTINEZ+AUTO+REPAIR+LLC/data=!4m7!3m6!1s0x8644b3e1f0ca5059:0x4f04333c46824893!8m2!3d30.1922134!4d-97.6991937!16s%2Fg%2F11c3xf2xzk!19sChIJWVDK8OGzRIYRk0iCRjwzBE8?authuser=0&hl=en&rclk=1,http://martinezautorepairatx.com/,MARTINEZ AUTO REPAIR LLC,4.2 stars 109 Reviews,4.2,109
,ChIJ06P_EyDJRIYRiHyBVcvQraQ,,Auto repair shop,(512) 820-4077,https://www.google.com/maps/place/Austin+Nas+Auto+Mechanic+Service+shop+%26+buy+sell+cars/data=!4m7!3m6!1s0x8644c92013ffa3d3:0xa4add0cb55817c88!8m2!3d30.3798696!4d-97.6902754!16s%2Fg%2F11tdmp3yzx!19sChIJ06P_EyDJRIYRiHyBVcvQraQ?authuser=0&hl=en&rclk=1,https://www.austinnasauto.com/index.shtml,Austin Nas Auto Mechanic Service shop & buy sell cars,5.0 stars 36 Reviews,5,36
,ChIJNwpCRsVMW4YRKUNXfNr3yv0,,Auto repair shop,(512) 291-6789,https://www.google.com/maps/place/Sun+Auto+Service/data=!4m7!3m6!1s0x865b4cc546420a37:0xfdcaf7da7c574329!8m2!3d30.1694943!4d-97.7969037!16s%2Fg%2F1tf6mmmg!19sChIJNwpCRsVMW4YRKUNXfNr3yv0?authuser=0&hl=en&rclk=1,https://www.sunautoservice.com/locations/tx/austin/auto-repair-4172.html,Sun Auto Service,4.3 stars 869 Reviews,4.3,869
,ChIJm5Fn7qe0RIYRMFZ3UXqfUKI,,Auto repair shop,(512) 447-0447,https://www.google.com/maps/place/Best+Automotive/data=!4m7!3m6!1s0x8644b4a7ee67919b:0xa2509f7a51775630!8m2!3d30.2445491!4d-97.8840885!16s%2Fg%2F1tf5qmhx!19sChIJm5Fn7qe0RIYRMFZ3UXqfUKI?authuser=0&hl=en&rclk=1,,Best Automotive,4.8 stars 59 Reviews,4.8,59
,ChIJvZkEWjrMRIYRziGbQ9NeWzs,,Car inspection station,(512) 873-9354,https://www.google.com/maps/place/Auto+7+Tech/data=!4m7!3m6!1s0x8644cc3a5a0499bd:0x3b5b5ed3439b21ce!8m2!3d30.4236559!4d-97.7119158!16s%2Fg%2F1trxf2gm!19sChIJvZkEWjrMRIYRziGbQ9NeWzs?authuser=0&hl=en&rclk=1,,Auto 7 Tech,4.8 stars 432 Reviews,4.8,432
,ChIJMSC2GcbLRIYRSQVkNFFjxPE,,Auto repair shop,(512) 339-4199,https://www.google.com/maps/place/Austin%27s+Automotive+Specialists/data=!4m7!3m6!1s0x8644cbc619b62031:0xf1c4635134640549!8m2!3d30.3583122!4d-97.7155862!16s%2Fg%2F1tcwgcj5!19sChIJMSC2GcbLRIYRSQVkNFFjxPE?authuser=0&hl=en&rclk=1,https://austinsautomotivespecialists.com/8405-research-blvd/,Austin's Automotive Specialists,4.5 stars 548 Reviews,4.5,548
,ChIJQ_U8GS7NRIYRYEprIrtsZ88,,Auto repair shop,(512) 649-2121,https://www.google.com/maps/place/RoKr+Auto/data=!4m7!3m6!1s0x8644cd2e193cf543:0xcf676cbb226b4a60!8m2!3d30.4440126!4d-97.7794693!16s%2Fg%2F11bw7d3yc0!19sChIJQ_U8GS7NRIYRYEprIrtsZ88?authuser=0&hl=en&rclk=1,http://rokrauto.com/,RoKr Auto,4.9 stars 153 Reviews,4.9,153
,ChIJWV7NNFezRIYREozjQ1kJKSQ,,Auto repair shop,(512) 520-8006,https://www.google.com/maps/place/RZ+AUTO+REPAIR/data=!4m7!3m6!1s0x8644b35734cd5e59:0x2429095943e38c12!8m2!3d30.199319!4d-97.7760396!16s%2Fg%2F11f125g3c6!19sChIJWV7NNFezRIYREozjQ1kJKSQ?authuser=0&hl=en&rclk=1,http://rzautorepair.com/,RZ AUTO REPAIR,4.3 stars 86 Reviews,4.3,86
,ChIJ21g5Zvu0RIYR4G_h0Ixzb78,1801 S Congress Ave,Auto repair shop,(512) 441-1933,https://www.google.com/maps/place/Hi-Tech+Automotive/data=!4m7!3m6!1s0x8644b4fb663958db:0xbf6f738cd0e16fe0!8m2!3d30.2458331!4d-97.7507573!16s%2Fg%2F1tdc5m5k!19sChIJ21g5Zvu0RIYR4G_h0Ixzb78?authuser=0&hl=en&rclk=1,http://www.hitechaustin.com/,Hi-Tech Automotive,4.6 stars 285 Reviews,4.6,285
,ChIJ9d0JZ9XNRIYRpzKTEUTZNNg,,Auto repair shop,(512) 814-8551,https://www.google.com/maps/place/Hulk+Automotive+Service/data=!4m7!3m6!1s0x8644cdd56709ddf5:0xd834d944119332a7!8m2!3d30.4365524!4d-97.6908071!16s%2Fg%2F1tgwsng7!19sChIJ9d0JZ9XNRIYRpzKTEUTZNNg?authuser=0&hl=en&rclk=1,http://hulkautomotive.com/,Hulk Automotive Service,4.7 stars 62 Reviews,4.7,62
,ChIJ8Y1HPN_MRIYRc5hBpqf8AbM,,Auto repair shop,(512) 331-5790,https://www.google.com/maps/place/Chelsie%27s+Automotive+LLC/data=!4m7!3m6!1s0x8644ccdf3c478df1:0xb301fca7a6419873!8m2!3d30.4326018!4d-97.7674486!16s%2Fg%2F1tdvkkst!19sChIJ8Y1HPN_MRIYRc5hBpqf8AbM?authuser=0&hl=en&rclk=1,http://chelsiesautomotive.com/,Chelsie's Automotive LLC,4.2 stars 154 Reviews,4.2,154
,ChIJYSbJid-0RIYRs7Ep4nR9JAU,1602 S Lamar Blvd #2925,Auto repair shop,(512) 444-4777,https://www.google.com/maps/place/Sam%27s+Auto+Care/data=!4m7!3m6!1s0x8644b4df89c92661:0x5247d74e229b1b3!8m2!3d30.2515475!4d-97.7651576!16s%2Fg%2F1tfwkrf9!19sChIJYSbJid-0RIYRs7Ep4nR9JAU?authuser=0&hl=en&rclk=1,http://www.samautocare.com/,Sam's Auto Care,4.6 stars 129 Reviews,4.6,129
,ChIJhaTnjgTNRIYRB74d5drVbZE,,Auto repair shop,(512) 335-4343,https://www.google.com/maps/place/Sun+Auto+Service/data=!4m7!3m6!1s0x8644cd048ee7a485:0x916dd5dae51dbe07!8m2!3d30.4418533!4d-97.7504719!16s%2Fg%2F1tq4rgvk!19sChIJhaTnjgTNRIYRB74d5drVbZE?authuser=0&hl=en&rclk=1,https://www.sunautoservice.com/locations/tx/austin/auto-repair-4023.html,Sun Auto Service,4.7 stars 617 Reviews,4.7,617
,ChIJJRBcBr20RIYRqH18AWLxD24,,Tire shop,(512) 900-3049,https://www.google.com/maps/place/Lamb%27s+Tire+%26+Automotive/data=!4m7!3m6!1s0x8644b4bd065c1025:0x6e0ff162017c7da8!8m2!3d30.2197548!4d-97.765482!16s%2Fg%2F1td7nq9z!19sChIJJRBcBr20RIYRqH18AWLxD24?authuser=0&hl=en&rclk=1,https://lambstire.com/locations/tires-auto-repair-south-congress-austin-tx/,Lamb's Tire & Automotive,4.6 stars 538 Reviews,4.6,538
,ChIJJyfEpOO0RIYRHyoXMaVC3N0,,Auto repair shop,(512) 447-9032,https://www.google.com/maps/place/Don%27s+Automotive+Repair/data=!4m7!3m6!1s0x8644b4e3a4c42727:0xdddc42a531172a1f!8m2!3d30.2482892!4d-97.7556949!16s%2Fg%2F1thcsq_9!19sChIJJyfEpOO0RIYRHyoXMaVC3N0?authuser=0&hl=en&rclk=1,https://donsautomotive.com/,Don's Automotive Repair,4.6 stars 114 Reviews,4.6,114
,ChIJPX0V0F7PRIYRjvsruFGUq_Q,,Auto repair shop,(512) 967-0577,https://www.google.com/maps/place/Genuine+Automotive+%26+Diesel/data=!4m7!3m6!1s0x8644cf5ed0157d3d:0xf4ab9451b82bfb8e!8m2!3d30.4699503!4d-97.6744524!16s%2Fg%2F11g1ks2xb0!19sChIJPX0V0F7PRIYRjvsruFGUq_Q?authuser=0&hl=en&rclk=1,https://genuineautomotive.net/,Genuine Automotive & Diesel,4.8 stars 334 Reviews,4.8,334
,ChIJ3T7308VMW4YRm1V2EDxxtMI,,Auto repair shop,(512) 840-0066,https://www.google.com/maps/place/Lopez+Auto+Repair/data=!4m7!3m6!1s0x865b4cc5d3f73edd:0xc2b4713c1076559b!8m2!3d30.1747237!4d-97.79861!16s%2Fg%2F11cjp60k3b!19sChIJ3T7308VMW4YRm1V2EDxxtMI?authuser=0&hl=en&rclk=1,http://www.lopezautorepair.com/,Lopez Auto Repair,4.6 stars 151 Reviews,4.6,151
,ChIJf4yhh-3PRIYRwCNRu0Mw2VM,,Auto repair shop,(512) 670-9089,https://www.google.com/maps/place/J+R+Automotive+Repair/data=!4m7!3m6!1s0x8644cfed87a18c7f:0x53d93043bb5123c0!8m2!3d30.4514198!4d-97.6722751!16s%2Fg%2F11gj_wnq8l!19sChIJf4yhh-3PRIYRwCNRu0Mw2VM?authuser=0&hl=en&rclk=1,,J R Automotive Repair,4.8 stars 43 Reviews,4.8,43
,ChIJu_xi1M7LRIYR3rV7ZzjoRIY,,Auto repair shop,(512) 452-6437,https://www.google.com/maps/place/German+Auto+Center/data=!4m7!3m6!1s0x8644cbced462fcbb:0x8644e838677bb5de!8m2!3d30.35463!4d-97.71434!16s%2Fg%2F1tdfz364!19sChIJu_xi1M7LRIYR3rV7ZzjoRIY?authuser=0&hl=en&rclk=1,https://www.germanautocenter.com/,German Auto Center,4.6 stars 305 Reviews,4.6,305
,ChIJuWqbZDbKRIYRfHq0tYY56R0,,Auto repair shop,(512) 251-0451,https://www.google.com/maps/place/Olmeda%27s+Tire+%26+Auto/data=!4m7!3m6!1s0x8644ca36649b6ab9:0x1de93986b5b47a7c!8m2!3d30.3564152!4d-97.7008357!16s%2Fg%2F1tp08hqn!19sChIJuWqbZDbKRIYRfHq0tYY56R0?authuser=0&hl=en&rclk=1,http://olmedatireandauto.com/,Olmeda's Tire & Auto,4.6 stars 157 Reviews,4.6,157
,ChIJE_cZc--xRIYRioQg8kwGdPI,,Mechanic,(512) 822-1559,https://www.google.com/maps/place/MD+Auto+Repair/data=!4m7!3m6!1s0x8644b1ef7319f713:0xf274064cf220848a!8m2!3d30.1612375!4d-97.6846477!16s%2Fg%2F11ng3m51x5!19sChIJE_cZc--xRIYRioQg8kwGdPI?authuser=0&hl=en&rclk=1,https://mdautorepairtx.com/,MD Auto Repair,4.9 stars 28 Reviews,4.9,28
,ChIJFwrTzMjJRIYRZp6rDTRaafs,,Auto repair shop,(512) 861-6574,https://www.google.com/maps/place/Tex+Tune+Automotive/data=!4m7!3m6!1s0x8644c9c8ccd30a17:0xfb695a340dab9e66!8m2!3d30.3223541!4d-97.6605718!16s%2Fg%2F11pv5hhszt!19sChIJFwrTzMjJRIYRZp6rDTRaafs?authuser=0&hl=en&rclk=1,,Tex Tune Automotive,5.0 stars 41 Reviews,5,41
,ChIJV9FBrfHMRIYRAeozUK8zshY,1420 W Braker Ln B,Auto repair shop,(512) 635-5590,https://www.google.com/maps/place/Fajkus+Mobile+Auto+Repair/data=!4m7!3m6!1s0x8644ccf1ad41d157:0x16b233af5033ea01!8m2!3d30.3873258!4d-97.6974002!16s%2Fg%2F11byn1699z!19sChIJV9FBrfHMRIYRAeozUK8zshY?authuser=0&hl=en&rclk=1,https://www.google.com/url?sa=t&source=web&rct=j&opi=89978449&url=https://fajkus-mobile-auto-repair.business.site/&ved=2ahUKEwiH79Xi9OaFAxXW4MkDHcGXC78QFnoECDYQAQ&usg=AOvVaw1GRUHhJJjPRaPRCoZLGbsg,Fajkus Mobile Auto Repair,4.3 stars 38 Reviews,4.3,38
,ChIJOeWgKufMRIYRB0Qt9aQ_9ro,,Auto repair shop,(512) 506-8008,https://www.google.com/maps/place/Oak+Knoll+Automotive/data=!4m7!3m6!1s0x8644cce72aa0e539:0xbaf63fa4f52d4407!8m2!3d30.4290956!4d-97.7611308!16s%2Fg%2F1tj1mxs4!19sChIJOeWgKufMRIYRB0Qt9aQ_9ro?authuser=0&hl=en&rclk=1,,Oak Knoll Automotive,4.4 stars 85 Reviews,4.4,85
,ChIJl4XlH7DLRIYRPavePp9dfag,,Auto repair shop,(512) 910-8471,https://www.google.com/maps/place/Meineke+Car+Care+Center/data=!4m7!3m6!1s0x8644cbb01fe58597:0xa87d5d9f3edeab3d!8m2!3d30.3554463!4d-97.7307701!16s%2Fg%2F11g6xwy_c9!19sChIJl4XlH7DLRIYRPavePp9dfag?authuser=0&hl=en&rclk=1,https://www.meineke.com/locations/tx/austin-2605/?utm_source=google&utm_medium=organic&utm_campaign=gbp_website,Meineke Car Care Center,4.4 stars 458 Reviews,4.4,458
,ChIJs19tBC3NRIYRaPHn9nnuTaw,,Auto repair shop,(512) 343-8393,https://www.google.com/maps/place/Arboretum+Auto+Service/data=!4m7!3m6!1s0x8644cd2d046d5fb3:0xac4dee79f6e7f168!8m2!3d30.4429886!4d-97.7828047!16s%2Fg%2F1tfddw05!19sChIJs19tBC3NRIYRaPHn9nnuTaw?authuser=0&hl=en&rclk=1,http://arboretumauto.com/,Arboretum Auto Service,4.7 stars 54 Reviews,4.7,54
,ChIJQbyT4Ue3RIYR60oNFbKzJvM,,Auto repair shop,(512) 928-8479,https://www.google.com/maps/place/Jessie%27s+Auto+Inspections+%26+Auto+Repair/data=!4m7!3m6!1s0x8644b747e193bc41:0xf326b3b2150d4aeb!8m2!3d30.2679208!4d-97.6267154!16s%2Fg%2F11b6g96tmk!19sChIJQbyT4Ue3RIYR60oNFbKzJvM?authuser=0&hl=en&rclk=1,https://jessie-auto-inspection-and-repair2.odoo.com/,Jessie's Auto Inspections & Auto Repair,4.3 stars 159 Reviews,4.3,159
,ChIJh0_gHx22RIYReWFSj5V0mQ4,,Auto repair shop,(512) 549-4597,https://www.google.com/maps/place/APR+Engines+%26+Automotive/data=!4m7!3m6!1s0x8644b61d1fe04f87:0xe9974958f526179!8m2!3d30.2993034!4d-97.6859506!16s%2Fg%2F11c1nd3_yj!19sChIJh0_gHx22RIYReWFSj5V0mQ4?authuser=0&hl=en&rclk=1,http://www.autorepairshopaustin.com/,APR Engines & Automotive,4.8 stars 97 Reviews,4.8,97
,ChIJ_63jzHm2RIYR2f6VFiULCaw,1119 Airport Blvd,Auto repair shop,(512) 736-3194,https://www.google.com/maps/place/Nicky%27s+Muffler,+Auto+and+Tire/data=!4m7!3m6!1s0x8644b679cce3adff:0xac090b251695fed9!8m2!3d30.2662728!4d-97.6953913!16s%2Fg%2F11bw4x4lpf!19sChIJ_63jzHm2RIYR2f6VFiULCaw?authuser=0&hl=en&rclk=1,,Nicky's Muffler, Auto and Tire,4.3 stars 220 Reviews,4.3,220
,ChIJi8zDP-G1RIYRCYD4s7yOEWI,,Auto repair shop,(512) 477-7575,https://www.google.com/maps/place/Automotive+Services+of+Austin/data=!4m7!3m6!1s0x8644b5e13fc3cc8b:0x62118ebcb3f88009!8m2!3d30.2824746!4d-97.7023616!16s%2Fg%2F1thzv5kp!19sChIJi8zDP-G1RIYRCYD4s7yOEWI?authuser=0&hl=en&rclk=1,https://autoservicesofaustin.com/?utm_source=omg-gbp&utm_medium=webclick,Automotive Services of Austin,4.0 stars 159 Reviews,4,159
,ChIJ0-USfCezRIYRbWQuRCwVLyQ,,Auto repair shop,(512) 923-8173,https://www.google.com/maps/place/Amberger+Automotive/data=!4m7!3m6!1s0x8644b3277c12e5d3:0x242f152c442e646d!8m2!3d30.1349445!4d-97.7548738!16s%2Fg%2F11c1qmg3vd!19sChIJ0-USfCezRIYRbWQuRCwVLyQ?authuser=0&hl=en&rclk=1,https://www.facebook.com/Amberger-Automotive-224823684217785/,Amberger Automotive,4.9 stars 76 Reviews,4.9,76
,ChIJC6aQw17JRIYRtRQ3SH_wNOs,915 Sagebrush Dr,Auto repair shop,(512) 837-3143,https://www.google.com/maps/place/Manuel%27s+Auto+Services/data=!4m7!3m6!1s0x8644c95ec390a60b:0xeb34f07f483714b5!8m2!3d30.3750097!4d-97.6946339!16s%2Fg%2F1w0sd7sn!19sChIJC6aQw17JRIYRtRQ3SH_wNOs?authuser=0&hl=en&rclk=1,,Manuel's Auto Services,4.7 stars 60 Reviews,4.7,60
,ChIJZ22-lRrLRIYRbHkzBBxehdI,,Tire shop,(512) 345-6600,https://www.google.com/maps/place/Lamb%27s+Tire+%26+Automotive/data=!4m7!3m6!1s0x8644cb1a95be6d67:0xd2855e1c0433796c!8m2!3d30.3541883!4d-97.7539723!16s%2Fg%2F1tggtxtm!19sChIJZ22-lRrLRIYRbHkzBBxehdI?authuser=0&hl=en&rclk=1,https://lambstire.com/locations/tires-auto-repair-far-west-austin-tx/,Lamb's Tire & Automotive,4.7 stars 1,404 Reviews,4.7,NaN
,ChIJP5ULNkXJRIYRaCLOmA59S8Q,,Mechanic,(512) 599-1351,https://www.google.com/maps/place/JR+Automechanic/data=!4m7!3m6!1s0x8644c945360b953f:0xc44b7d0e98ce2268!8m2!3d30.3776938!4d-97.6915919!16s%2Fg%2F11b6dq5lfc!19sChIJP5ULNkXJRIYRaCLOmA59S8Q?authuser=0&hl=en&rclk=1,,JR Automechanic,4.7 stars 42 Reviews,4.7,42
,ChIJc6D_urzLRIYRt0zUYw2T-xw,,Auto repair shop,(512) 300-2697,https://www.google.com/maps/place/Black+Forest+Werkshop/data=!4m7!3m6!1s0x8644cbbcbaffa073:0x1cfb930d63d44cb7!8m2!3d30.3639074!4d-97.7299967!16s%2Fg%2F1tgps_rv!19sChIJc6D_urzLRIYRt0zUYw2T-xw?authuser=0&hl=en&rclk=1,http://www.blackforestwerkshop.com/,Black Forest Werkshop,4.7 stars 93 Reviews,4.7,93
,ChIJSR23PQzKRIYRz-z7GjA7faM,,Auto repair shop,(512) 453-7376,https://www.google.com/maps/place/M+E+Gene+Johnson+Garage/data=!4m7!3m6!1s0x8644ca0c3db71d49:0xa37d3b301afbeccf!8m2!3d30.307758!4d-97.715357!16s%2Fg%2F1td4vnwy!19sChIJSR23PQzKRIYRz-z7GjA7faM?authuser=0&hl=en&rclk=1,http://www.megjgarage.com/,M E Gene Johnson Garage,4.7 stars 324 Reviews,4.7,324
,ChIJb5Lw1JW0RIYRf7-4IBfemzw,,Auto repair shop,(512) 442-3363,https://www.google.com/maps/place/Brownie%27s+Automotive/data=!4m7!3m6!1s0x8644b495d4f0926f:0x3c9bde1720b8bf7f!8m2!3d30.2235136!4d-97.7609363!16s%2Fg%2F1tr8lzhf!19sChIJb5Lw1JW0RIYRf7-4IBfemzw?authuser=0&hl=en&rclk=1,https://browniesautomotive.wixsite.com/my-site,Brownie's Automotive,4.9 stars 66 Reviews,4.9,66
,ChIJvaBljS3NRIYRFJQe7-6PsjM,,Auto repair shop,(512) 294-3796,https://www.google.com/maps/place/Munich+Auto/data=!4m7!3m6!1s0x8644cd2d8d65a0bd:0x33b28feeef1e9414!8m2!3d30.444917!4d-97.780706!16s%2Fg%2F1hc2g1c1d!19sChIJvaBljS3NRIYRFJQe7-6PsjM?authuser=0&hl=en&rclk=1,http://www.austinbmwrepair.com/,Munich Auto,5.0 stars 113 Reviews,5,113
,ChIJ7XQshJm0RIYRMuu13iDmqsI,4431 Lucksinger Ln,Auto repair shop,(512) 444-7005,https://www.google.com/maps/place/G.A.+Automotive/data=!4m7!3m6!1s0x8644b499842c74ed:0xc2aae620deb5eb32!8m2!3d30.2153652!4d-97.7658428!16s%2Fg%2F1tf1c402!19sChIJ7XQshJm0RIYRMuu13iDmqsI?authuser=0&hl=en&rclk=1,https://www.gaautomotive.net/,G.A. Automotive,4.5 stars 72 Reviews,4.5,72
,ChIJnRMHO2jKRIYRMSqBahVHVQk,5319 N Lamar Blvd,Mechanic,(512) 628-8300,https://www.google.com/maps/place/Austin+Texas+Mechanic/data=!4m7!3m6!1s0x8644ca683b07139d:0x95547156a812a31!8m2!3d30.321644!4d-97.728735!16s%2Fg%2F11g_p_3zm!19sChIJnRMHO2jKRIYRMSqBahVHVQk?authuser=0&hl=en&rclk=1,http://www.austintxmechanic.com/,Austin Texas Mechanic,4.2 stars 166 Reviews,4.2,166
,ChIJTTspeaYyW4YRY-_6EHWSEbs,,Auto repair shop,(512) 331-5166,https://www.google.com/maps/place/Austin%27s+Automotive+Specialists/data=!4m7!3m6!1s0x865b32a679293b4d:0xbb11927510faef63!8m2!3d30.4371393!4d-97.7769725!16s%2Fg%2F11gz9mfks!19sChIJTTspeaYyW4YRY-_6EHWSEbs?authuser=0&hl=en&rclk=1,https://austinsautomotivespecialists.com/12990-research-blvd/,Austin's Automotive Specialists,4.8 stars 639 Reviews,4.8,639
,ChIJ81YUri3NRIYRorbxBh1-kN0,,Auto repair shop,(512) 331-7738,https://www.google.com/maps/place/Austin+Z+Clinic/data=!4m7!3m6!1s0x8644cd2dae1456f3:0xdd907e1d06f1b6a2!8m2!3d30.4426808!4d-97.7814955!16s%2Fg%2F1tp27p02!19sChIJ81YUri3NRIYRorbxBh1-kN0?authuser=0&hl=en&rclk=1,http://www.austinzclinic.com/,Austin Z Clinic,4.7 stars 60 Reviews,4.7,60
,ChIJD1wWY9_MRIYRJCeU4r46YgY,7311 McNeil Dr,Auto repair shop,(512) 249-5323,https://www.google.com/maps/place/ACM+Auto+Services/data=!4m7!3m6!1s0x8644ccdf63165c0f:0x6623abee2942724!8m2!3d30.4348596!4d-97.7672438!16s%2Fg%2F1vq757k9!19sChIJD1wWY9_MRIYRJCeU4r46YgY?authuser=0&hl=en&rclk=1,,ACM Auto Services,4.6 stars 102 Reviews,4.6,102
,ChIJN94inRnKRIYRzQaF3gROBME,,Auto repair shop,(512) 943-2886,https://www.google.com/maps/place/Star+Automotive/data=!4m7!3m6!1s0x8644ca199d22de37:0xc1044e04de8506cd!8m2!3d30.3525109!4d-97.7239566!16s%2Fg%2F11b5pj1f6l!19sChIJN94inRnKRIYRzQaF3gROBME?authuser=0&hl=en&rclk=1,,Star Automotive,4.6 stars 32 Reviews,4.6,32
,ChIJoUCN-HvKRIYRnEY1BLV7ab8,,Auto repair shop,(512) 893-6265,https://www.google.com/maps/place/Midas/data=!4m7!3m6!1s0x8644ca7bf88d40a1:0xbf697bb50435469c!8m2!3d30.3054549!4d-97.7360475!16s%2Fg%2F1tcvc8mb!19sChIJoUCN-HvKRIYRnEY1BLV7ab8?authuser=0&hl=en&rclk=1,https://www.midas.com/store/tx/austin/4001-guadalupe-street-78751?shopnum=5533&utm_source=google&utm_medium=maps&utm_campaign=google+maps&y_source=1_MTE5MDg0NDgtNzE1LWxvY2F0aW9uLndlYnNpdGU%3D,Midas,4.1 stars 1,114 Reviews,4.1,NaN
,ChIJmRM6gBfMRIYR0uEGvhaPNFg,,Auto repair shop,(512) 836-6615,https://www.google.com/maps/place/Riethmeyer%27s+Auto+Repair/data=!4m7!3m6!1s0x8644cc17803a1399:0x58348f16be06e1d2!8m2!3d30.4128016!4d-97.7096369!16s%2Fg%2F1tf65w8k!19sChIJmRM6gBfMRIYR0uEGvhaPNFg?authuser=0&hl=en&rclk=1,http://www.riethmeyerauto.com/,Riethmeyer's Auto Repair,4.9 stars 188 Reviews,4.9,188
,ChIJrVvPjYG2RIYRddJ3ryz4ne8,,Auto repair shop,(512) 385-3230,https://www.google.com/maps/place/George+Cox+Automotive/data=!4m7!3m6!1s0x8644b6818dcf5bad:0xef9df82caf77d275!8m2!3d30.25074!4d-97.6967315!16s%2Fg%2F1thq12r1!19sChIJrVvPjYG2RIYRddJ3ryz4ne8?authuser=0&hl=en&rclk=1,https://www.coxautomotivetx.com/,George Cox Automotive,4.5 stars 68 Reviews,4.5,68
,ChIJH1nGN1TKRIYRNEJgMrSQqjs,,Auto repair shop,(512) 669-2833,https://www.google.com/maps/place/Longhorn+Automotive/data=!4m7!3m6!1s0x8644ca5437c6591f:0x3baa90b432604234!8m2!3d30.3405253!4d-97.7384313!16s%2Fg%2F11b88n2c7k!19sChIJH1nGN1TKRIYRNEJgMrSQqjs?authuser=0&hl=en&rclk=1,http://www.longhornautomotive.com/,Longhorn Automotive,4.8 stars 121 Reviews,4.8,121
,ChIJnU1GIpe0RIYRvQDmPd-ZQIo,,Auto repair shop,(512) 440-0409,https://www.google.com/maps/place/Ben+White+Automotive/data=!4m7!3m6!1s0x8644b49722464d9d:0x8a4099df3de600bd!8m2!3d30.1999185!4d-97.7856181!16s%2Fg%2F1tcvpnn7!19sChIJnU1GIpe0RIYRvQDmPd-ZQIo?authuser=0&hl=en&rclk=1,https://benwhiteautomotive.com/,Ben White Automotive,4.6 stars 346 Reviews,4.6,346
,ChIJmcd4gWrKRIYRerdMmgQO7xY,,Auto repair shop,(512) 552-1013,https://www.google.com/maps/place/Waldan+Auto+Services/data=!4m7!3m6!1s0x8644ca6a8178c799:0x16ef0e049a4cb77a!8m2!3d30.322758!4d-97.7223456!16s%2Fg%2F11f3m9t1c1!19sChIJmcd4gWrKRIYRerdMmgQO7xY?authuser=0&hl=en&rclk=1,,Waldan Auto Services,4.7 stars 46 Reviews,4.7,46
,ChIJXU_CHNe0RIYRVBsUAyz6kMg,,Auto repair shop,(512) 444-7777,https://www.google.com/maps/place/Accent+Auto/data=!4m7!3m6!1s0x8644b4d71cc24f5d:0xc890fa2c03141b54!8m2!3d30.2136361!4d-97.7301736!16s%2Fg%2F1v75s94j!19sChIJXU_CHNe0RIYRVBsUAyz6kMg?authuser=0&hl=en&rclk=1,http://www.accentauto.com/,Accent Auto,4.4 stars 211 Reviews,4.4,211
,ChIJNb8nTKhNW4YRRnxOKN5NBI0,,Auto repair shop,(512) 291-1611,https://www.google.com/maps/place/S%26A+Auto+Repair/data=!4m7!3m6!1s0x865b4da84c27bf35:0x8d044dde284e7c46!8m2!3d30.1472732!4d-97.8304186!16s%2Fg%2F1tffdm8b!19sChIJNb8nTKhNW4YRRnxOKN5NBI0?authuser=0&hl=en&rclk=1,http://www.s-aautobody.com/,S&A Auto Repair,4.3 stars 15 Reviews,4.3,15
,ChIJxdhL9OzJRIYRzYdzwsw9-uM,,Auto repair shop,(512) 371-1001,https://www.google.com/maps/place/ZJ+Automotive+LLc/data=!4m7!3m6!1s0x8644c9ecf44bd8c5:0xe3fa3dccc27387cd!8m2!3d30.312242!4d-97.7050446!16s%2Fg%2F1td0t8f9!19sChIJxdhL9OzJRIYRzYdzwsw9-uM?authuser=0&hl=en&rclk=1,https://www.zjautomotive-tx.com/,ZJ Automotive LLc,4.4 stars 45 Reviews,4.4,45
,ChIJ6fD6JstKW4YREiD2PV2vN-c,,Auto repair shop,(512) 330-0133,https://www.google.com/maps/place/Newberry+Automotive+Services/data=!4m7!3m6!1s0x865b4acb26faf0e9:0xe737af5d3df62012!8m2!3d30.2707021!4d-97.7860094!16s%2Fg%2F1tc_rfh7!19sChIJ6fD6JstKW4YREiD2PV2vN-c?authuser=0&hl=en&rclk=1,http://www.newberryautomotive.com/,Newberry Automotive Services,4.0 stars 163 Reviews,4,163
,ChIJz4YSeJHLRIYRr3Vx4bBqdh8,,Auto repair shop,(512) 508-8966,https://www.google.com/maps/place/European+Motorwerks+-+Domain/data=!4m7!3m6!1s0x8644cb91781286cf:0x1f766ab0e17175af!8m2!3d30.3770963!4d-97.7260054!16s%2Fg%2F11gf6196cd!19sChIJz4YSeJHLRIYRr3Vx4bBqdh8?authuser=0&hl=en&rclk=1,http://www.european-motorwerks.com/,European Motorwerks - Domain,4.6 stars 406 Reviews,4.6,406
,ChIJtzTmPabLRIYRBibW00ZUGhM,,Auto repair shop,(512) 453-6292,https://www.google.com/maps/place/Rising+Sun+Japanese+Auto+Service/data=!4m7!3m6!1s0x8644cba63de634b7:0x131a5446d3d62606!8m2!3d30.3578052!4d-97.7373793!16s%2Fg%2F1tl_m32s!19sChIJtzTmPabLRIYRBibW00ZUGhM?authuser=0&hl=en&rclk=1,https://www.risingsunjapanese.com/rising-sun-north-foster-lane/,Rising Sun Japanese Auto Service,4.8 stars 128 Reviews,4.8,128
,ChIJEw2OXRfKRIYRHUjwCeXZ4Jw,,Auto repair shop,(512) 904-0130,https://www.google.com/maps/place/Buddha%27s+Garage/data=!4m7!3m6!1s0x8644ca175d8e0d13:0x9ce0d9e509f0481d!8m2!3d30.3769076!4d-97.7123379!16s%2Fg%2F1tfmcmkd!19sChIJEw2OXRfKRIYRHUjwCeXZ4Jw?authuser=0&hl=en&rclk=1,https://buddhasgarageatx.com/,Buddha's Garage,4.8 stars 216 Reviews,4.8,216
,ChIJrZzl0dfJRIYRtT0r2o2hHCI,,Car repair and maintenance service,(832) 205-2244,https://www.google.com/maps/place/Jackson+Automotive/data=!4m7!3m6!1s0x8644c9d7d1e59cad:0x221ca18dda2b3db5!8m2!3d30.378375!4d-97.7137092!16s%2Fg%2F11gyxlmm77!19sChIJrZzl0dfJRIYRtT0r2o2hHCI?authuser=0&hl=en&rclk=1,https://jacksonautomotiveatx.com/,Jackson Automotive,5.0 stars 27 Reviews,5,27
,ChIJUxzYec61RIYRpED3WS-tjGw,,Auto repair shop,(512) 482-9800,https://www.google.com/maps/place/All+Points+Auto+Electric/data=!4m7!3m6!1s0x8644b5ce79d81c53:0x6c8cad2f59f740a4!8m2!3d30.2608408!4d-97.7113428!16s%2Fg%2F1tdp5fg1!19sChIJUxzYec61RIYRpED3WS-tjGw?authuser=0&hl=en&rclk=1,http://www.theautoelectric.com/,All Points Auto Electric,4.9 stars 363 Reviews,4.9,363
,ChIJlUWDjjC1RIYRHr6TpE-nNU4,,Auto repair shop,(512) 373-8699,https://www.google.com/maps/place/Cap%27s+Service+and+Repair/data=!4m7!3m6!1s0x8644b5308e834595:0x4e35a74fa493be1e!8m2!3d30.2124219!4d-97.7294889!16s%2Fg%2F11fql6ys7v!19sChIJlUWDjjC1RIYRHr6TpE-nNU4?authuser=0&hl=en&rclk=1,https://www.facebook.com/CapsServiceandRepair/,Cap's Service and Repair,5.0 stars 51 Reviews,5,51
