"Title","Rating","Reviews","Phone","Address","Google Maps Link"
"Kitchen & Flooring Concepts","4.3","15","(904) 551-7461","9452 Philips Hwy","https://www.google.com/maps/place/Kitchen+%26+Flooring+Concepts/data=!4m7!3m6!1s0x88e5cba4e7629ba9:0x7de5b545baf23610!8m2!3d30.1930335!4d-81.5674839!16s%2Fg%2F1ptvwf48l!19sChIJqZti56TL5YgREDbyukW15X0?authuser=0&hl=en&rclk=1"
"Carpet One Floor & Home","4.5","80","(904) 300-0877","8956 Philips HwySpecialist carpet","https://www.google.com/maps/place/Carpet+One+Floor+%26+Home/data=!4m7!3m6!1s0x88e5cbb6b4171435:0x34e08cc8056318d!8m2!3d30.2040414!4d-81.5762082!16s%2Fg%2F1wtbvq0h!19sChIJNRQXtLbL5YgRjTFWgMwITgM?authuser=0&hl=en&rclk=1"
"Quality Flooring","4.8","109","(904) 733-7703","8640 Philips Hwy","https://www.google.com/maps/place/Quality+Flooring/data=!4m7!3m6!1s0x88e5cbb4f37445e9:0xdca4d6ee6eaefeb6!8m2!3d30.2103884!4d-81.5805051!16s%2Fg%2F1v2jdqt_!19sChIJ6UV087TL5YgRtv6ubu7WpNw?authuser=0&hl=en&rclk=1"
"Affordable Carpet & Wood","4.9","75","(904) 448-5661","5149 Sunbeam Rd #2","https://www.google.com/maps/place/Affordable+Carpet+%26+Wood/data=!4m7!3m6!1s0x88e5cbca06808c8d:0x3470f88ed700c4c5!8m2!3d30.2063448!4d-81.5816205!16s%2Fg%2F1tk8cyjn!19sChIJjYyABsrL5YgRxcQA1474cDQ?authuser=0&hl=en&rclk=1"
"Amazing Floors and More","4.9","96","(904) 672-5395","9532 Historic Kings Rd S","https://www.google.com/maps/place/Amazing+Floors+and+More/data=!4m7!3m6!1s0x88e5cbb42b025b91:0xf290ac0a2ae833ea!8m2!3d30.205323!4d-81.5788558!16s%2Fg%2F11c76rr900!19sChIJkVsCK7TL5YgR6jPoKgqskPI?authuser=0&hl=en&rclk=1"
"Lifetime Flooring","4.8","126","(904) 906-4920","8440 Philips Hwy","https://www.google.com/maps/place/Lifetime+Flooring/data=!4m7!3m6!1s0x88e5ca359941702d:0xa32f3578b3d7c67!8m2!3d30.2144833!4d-81.5829158!16s%2Fg%2F1thq62zr!19sChIJLXBBmTXK5YgRZ3w9i1fzMgo?authuser=0&hl=en&rclk=1"
"Handy Andy Flooring","5.0","42","(904) 312-9008","9440 Philips State Rte Suite 14","https://www.google.com/maps/place/Handy+Andy+Flooring/data=!4m7!3m6!1s0x88e5cb9f3dcfffff:0xac27da78bdec24e4!8m2!3d30.1953721!4d-81.5697169!16s%2Fg%2F11f40qscf6!19sChIJ___PPZ_L5YgR5CTsvXjaJ6w?authuser=0&hl=en&rclk=1"
"Mike Nakhel Flooring","4.9","159","(904) 903-7012","8640 Philips Hwy STE 8","https://www.google.com/maps/place/Mike+Nakhel+Flooring/data=!4m7!3m6!1s0x88e5c92f4a9d50f3:0xd8805e7687916254!8m2!3d30.2101554!4d-81.5802245!16s%2Fg%2F1tczwrw7!19sChIJ81CdSi_J5YgRVGKRh3ZegNg?authuser=0&hl=en&rclk=1"
"ProSource Wholesale Flooring","4.4","26","(904) 290-2130","4949 Sunbeam Rd","https://www.google.com/maps/place/ProSource+Wholesale+Flooring/data=!4m7!3m6!1s0x88e5cbcbc5812737:0x74d98482c2f53b4e!8m2!3d30.2066263!4d-81.5850155!16s%2Fg%2F11c2q3dyd7!19sChIJNyeBxcvL5YgRTjv1woKE2XQ?authuser=0&hl=en&rclk=1"
"Baltic Flooring Inc","4.9","56","(904) 600-4533","6950 Philips Hwy #7","https://www.google.com/maps/place/Baltic+Flooring+Inc/data=!4m7!3m6!1s0x88e5cb73c74930b9:0xc117702efe3409b3!8m2!3d30.2464986!4d-81.6028586!16s%2Fg%2F11h5sx2q6s!19sChIJuTBJx3PL5YgRswk0_i5wF8E?authuser=0&hl=en&rclk=1"
"Infinity Floors USA","5.0","15","(904) 466-4863","8032 Philips Hwy #14","https://www.google.com/maps/place/Infinity+Floors+USA/data=!4m7!3m6!1s0x88e5cb79cbab5915:0xf7a1cac7853768e7!8m2!3d30.2269543!4d-81.5908764!16s%2Fg%2F11t9jq68j7!19sChIJFVmry3nL5YgR52g3hcfKofc?authuser=0&hl=en&rclk=1"
"Shoreline Flooring Supplies","4.5","41","(904) 281-5056","8036 Phillips Hwy 2a","https://www.google.com/maps/place/Shoreline+Flooring+Supplies/data=!4m7!3m6!1s0x88e5ca18dbcfdda3:0x5e9d2defbe6b6059!8m2!3d30.2263829!4d-81.5894462!16s%2Fg%2F1vg4kmjk!19sChIJo93P2xjK5YgRWWBrvu8tnV4?authuser=0&hl=en&rclk=1"
"ProSource of Jacksonville","4.6","57","(904) 290-2130","5250 Sunbeam Rd","https://www.google.com/maps/place/ProSource+of+Jacksonville/data=!4m7!3m6!1s0x88e5cbb4242cf6af:0x6b5f64e10fe8cb49!8m2!3d30.2056233!4d-81.5780533!16s%2Fg%2F1vl5hlrj!19sChIJr_YsJLTL5YgRScvoD-FkX2s?authuser=0&hl=en&rclk=1"
"Carpet One Floor & Home","4.5","80","(904) 300-0877","8956 Philips HwySpecialist carpet","https://www.google.com/maps/place/Carpet+One+Floor+%26+Home/data=!4m7!3m6!1s0x88e5cbb6b4171435:0x34e08cc8056318d!8m2!3d30.2040414!4d-81.5762082!16s%2Fg%2F1wtbvq0h!19sChIJNRQXtLbL5YgRjTFWgMwITgM?authuser=0&hl=en&rclk=1"
"Gator Carpet and Tile","4.6","148","(904) 262-7304","1 Philips Hwy","https://www.google.com/maps/place/Gator+Carpet+and+Tile/data=!4m7!3m6!1s0x88e5cf59728427bd:0x81288bb84fb5279d!8m2!3d30.1924648!4d-81.56707!16s%2Fg%2F1tj5lzwg!19sChIJvSeEclnP5YgRnSe1T7iLKIE?authuser=0&hl=en&rclk=1"
"About Floors n More","4.1","44","(904) 361-3508","2970 Plummer Cove Rd","https://www.google.com/maps/place/About+Floors+n+More/data=!4m7!3m6!1s0x88e5c936e1d14651:0xe8714958f7dc06a!8m2!3d30.1784744!4d-81.6291617!16s%2Fg%2F11b67n9gs2!19sChIJUUbR4TbJ5YgRasB9j5UUhw4?authuser=0&hl=en&rclk=1"
"RR SPEC FLOORING - Flooring Installers - Tile installers - Bathroom Remodel 32082","4.8","26","(904) 265-8580","32082 4","https://www.google.com/maps/place/RR+SPEC+FLOORING+-+Flooring+Installers+-+Tile+installers+-+Bathroom+Remodel+32082/data=!4m7!3m6!1s0x88e5c97fcc781737:0xa29ce773d45a6e7b!8m2!3d30.208153!4d-81.5949106!16s%2Fg%2F11fy_0s5s7!19sChIJNxd4zH_J5YgRe25a1HPnnKI?authuser=0&hl=en&rclk=1"
"Floor Coverings International Jacksonville East","4.9","61","(904) 364-0535","6900 Philips Hwy #10","https://www.google.com/maps/place/Floor+Coverings+International+Jacksonville+East/data=!4m7!3m6!1s0x88e5c915a305b977:0x3fbba4bc9afc57a0!8m2!3d30.2468074!4d-81.603971!16s%2Fg%2F11h23_2g46!19sChIJd7kFoxXJ5YgRoFf8mrykuz8?authuser=0&hl=en&rclk=1"
"C.A.S.E. Discount Flooring JAX","5.0","7","(813) 465-9959","5771 Mining Terrace # 202","https://www.google.com/maps/place/C.A.S.E.+Discount+Flooring+JAX/data=!4m7!3m6!1s0x88e5cb084a7aab49:0x2fcdc8ce6876f199!8m2!3d30.1846206!4d-81.568188!16s%2Fg%2F11vqzww7gd!19sChIJSat6SgjL5YgRmfF2aM7IzS8?authuser=0&hl=en&rclk=1"
"Flooring America of North Florida","4.1","43","(904) 240-4871","12041 San Jose BlvdShowroom for flooring","https://www.google.com/maps/place/Flooring+America+of+North+Florida/data=!4m7!3m6!1s0x88e5c97e349ffead:0xd4636c1b5a4b8ea4!8m2!3d30.1521273!4d-81.6321886!16s%2Fg%2F1thx9fqb!19sChIJrf6fNH7J5YgRpI5LWhtsY9Q?authuser=0&hl=en&rclk=1"
"The Kitchen, Bathroom & Flooring Store","4.2","80","(904) 760-4244","11112 San Jose Blvd # 21","https://www.google.com/maps/place/The+Kitchen,+Bathroom+%26+Flooring+Store/data=!4m7!3m6!1s0x88e5c773c777229d:0x937f9380f7892b3e!8m2!3d30.1734118!4d-81.6297852!16s%2Fg%2F1v6qjflb!19sChIJnSJ3x3PH5YgRPiuJ94CTf5M?authuser=0&hl=en&rclk=1"
"Affordable Carpet & Blinds, Inc.","5.0","55","(904) 292-1564","","https://www.google.com/maps/place/Affordable+Carpet+%26+Blinds,+Inc./data=!4m7!3m6!1s0x88e5cbe44c3b7b11:0x34c9ad5f75c5e51d!8m2!3d30.2020354!4d-81.5318409!16s%2Fg%2F1tgnsgvz!19sChIJEXs7TOTL5YgRHeXFdV-tyTQ?authuser=0&hl=en&rclk=1"
"Just Floored, LLC","4.8","155","(904) 432-6464","4720 Salisbury Rd","https://www.google.com/maps/place/Just+Floored,+LLC/data=!4m7!3m6!1s0x88f5bdf2ef4fbdcb:0xabafbfd9fccdcae4!8m2!3d30.2453142!4d-81.5890754!16s%2Fg%2F1wf22q3g!19sChIJy71P7_K99YgR5MrN_Nm_r6s?authuser=0&hl=en&rclk=1"
"Nunes 4 Flooring - Flooring installers/Flooring experts","5.0","47","(904) 528-6432","4 Flooring","https://www.google.com/maps/place/Nunes+4+Flooring+-+Flooring+installers%2FFlooring+experts/data=!4m7!3m6!1s0x88e5cdb9d9d00507:0xf9c116010a8168cd!8m2!3d30.2838274!4d-81.6577159!16s%2Fg%2F11q26frd8p!19sChIJBwXQ2bnN5YgRzWiBCgEWwfk?authuser=0&hl=en&rclk=1"
"Advanced Flooring Removal","5.0","30","(904) 878-8350","11111 San Jose Blvd Suite 56","https://www.google.com/maps/place/Advanced+Flooring+Removal/data=!4m7!3m6!1s0x88e5c9fedaba9539:0xafaac54e863bad71!8m2!3d30.1732443!4d-81.6256209!16s%2Fg%2F11h3df603w!19sChIJOZW62v7J5YgRca07hk7Fqq8?authuser=0&hl=en&rclk=1"
"Native Flooring","5.0","1","(904) 855-7127","8940 Western Way Suite 14","https://www.google.com/maps/place/Native+Flooring/data=!4m7!3m6!1s0x88e5cbaa8c07dbb9:0x1e452bf21021f86!8m2!3d30.2030473!4d-81.5582287!16s%2Fg%2F11j79psbk2!19sChIJudsHjKrL5YgRhh8CIb9S5AE?authuser=0&hl=en&rclk=1"
"Kitchen & Flooring Concepts","4.3","15","(904) 551-7461","9452 Philips Hwy","https://www.google.com/maps/place/Kitchen+%26+Flooring+Concepts/data=!4m7!3m6!1s0x88e5cba4e7629ba9:0x7de5b545baf23610!8m2!3d30.1930335!4d-81.5674839!16s%2Fg%2F1ptvwf48l!19sChIJqZti56TL5YgREDbyukW15X0?authuser=0&hl=en&rclk=1"
"Just Floors","3.5","15","(904) 880-5094","6945 Phillips Pkwy Dr S","https://www.google.com/maps/place/Just+Floors/data=!4m7!3m6!1s0x88e5cb5e92d6f40b:0x8f57f6aaa474234d!8m2!3d30.1666661!4d-81.5340861!16s%2Fg%2F11fnrfjjbb!19sChIJC_TWkl7L5YgRTSN0pKr2V48?authuser=0&hl=en&rclk=1"
"Wholesale Tile Supply","4.7","106","(904) 260-0798","9450 Philips Hwy","https://www.google.com/maps/place/Wholesale+Tile+Supply/data=!4m7!3m6!1s0x88e5cba4ee74424f:0x9ce70e9e397a5c78!8m2!3d30.193816!4d-81.5678001!16s%2Fg%2F1tcxqh61!19sChIJT0J07qTL5YgReFx6OZ4O55w?authuser=0&hl=en&rclk=1"
"Footprints Floors Northeast Florida","4.8","25","(904) 822-8229","","https://www.google.com/maps/place/Footprints+Floors+Northeast+Florida/data=!4m7!3m6!1s0x27ccb3db8c7f8675:0x98afaaadacc360a9!8m2!3d30.0453445!4d-82.0030654!16s%2Fg%2F11rvd2vxmr!19sChIJdYZ_jNuzzCcRqWDDrK2qr5g?authuser=0&hl=en&rclk=1"
"Empire Today - Jacksonville, FL","4.2","150","(904) 644-1576","10475 Fortune Pkwy Building 200 Suite 210","https://www.google.com/maps/place/Empire+Today+-+Jacksonville,+FL/data=!4m7!3m6!1s0x88e5cbd97cc58e35:0x47000157110dc201!8m2!3d30.1787293!4d-81.5497013!16s%2Fg%2F11nngd9lq8!19sChIJNY7FfNnL5YgRAcINEVcBAEc?authuser=0&hl=en&rclk=1"
"Bedrosians Tile & Stone","4.0","52","(904) 458-8000","7750 Philips HwySource for porcelain tile","https://www.google.com/maps/place/Bedrosians+Tile+%26+Stone/data=!4m7!3m6!1s0x88e5ca3cb205da03:0x8dfcaa5ec30eecd!8m2!3d30.2300519!4d-81.591594!16s%2Fg%2F1tgcn2_v!19sChIJA9oFsjzK5YgRze4w7KXK3wg?authuser=0&hl=en&rclk=1"
"House of Floors Inc","3.7","15","(904) 262-6989","11210 Philips Industrial Blvd","https://www.google.com/maps/place/House+of+Floors+Inc/data=!4m7!3m6!1s0x88e5cb5772411eed:0x87e7048041f1cf4b!8m2!3d30.165225!4d-81.5257178!16s%2Fg%2F1tqtbhb1!19sChIJ7R5BclfL5YgRS8_xQYAE54c?authuser=0&hl=en&rclk=1"
"Master Pro Floor","5.0","11","(904) 999-8501","","https://www.google.com/maps/place/Master+Pro+Floor/data=!4m7!3m6!1s0x88e5c975f3b75509:0xe314ce56fc57d0b1!8m2!3d30.34499!4d-81.6831069!16s%2Fg%2F11stfwmcvc!19sChIJCVW383XJ5YgRsdBX_FbOFOM?authuser=0&hl=en&rclk=1"
"Surplus Flooring - Jacksonville","0","0","(904) 328-1050","11780 Philips Hwy","https://www.google.com/maps/place/Surplus+Flooring+-+Jacksonville/data=!4m7!3m6!1s0x88e5cca43abb4d59:0x60af11170dd6439f!8m2!3d30.1555564!4d-81.5301951!16s%2Fg%2F11f03pymhf!19sChIJWU27OqTM5YgRn0PWDRcRr2A?authuser=0&hl=en&rclk=1"
"Traditions in Tile and Stone - Showroom and Warehouse","4.7","34","(904) 739-7386","7660 Philips Hwy #8","https://www.google.com/maps/place/Traditions+in+Tile+and+Stone+-+Showroom+and+Warehouse/data=!4m7!3m6!1s0x88e5ca232720f1cb:0xc01968917a2c5833!8m2!3d30.2316207!4d-81.5928726!16s%2Fg%2F1vhly_vg!19sChIJy_EgJyPK5YgRM1gsepFoGcA?authuser=0&hl=en&rclk=1"
"Florida Design Works","4.3","44","(904) 363-2525","9093 Philips Hwy","https://www.google.com/maps/place/Florida+Design+Works/data=!4m7!3m6!1s0x88e5cbb0fdff3053:0xc9976f12b07173dc!8m2!3d30.2017809!4d-81.5732409!16s%2Fg%2F1thky20v!19sChIJUzD__bDL5YgR3HNxsBJvl8k?authuser=0&hl=en&rclk=1"
"VJ Flooring - Floor Installation","4.9","36","(561) 332-0454","","https://www.google.com/maps/place/VJ+Flooring+-+Floor+Installation/data=!4m7!3m6!1s0x88e5cdb405eccccb:0x671d283cd43de9ac!8m2!3d30.0000006!4d-81.6512729!16s%2Fg%2F11r6xgr09g!19sChIJy8zsBbTN5YgRrOk91DwoHWc?authuser=0&hl=en&rclk=1"
"RK General Flooring & Solutions - Remodeling Contractor","4.9","40","(904) 521-2927","10 Baymeadows Rd","https://www.google.com/maps/place/RK+General+Flooring+%26+Solutions+-+Remodeling+Contractor/data=!4m7!3m6!1s0x88e5c9d3d8d01519:0x6d1d581fc62c2e0e!8m2!3d30.2173565!4d-81.6155281!16s%2Fg%2F11qqptj2np!19sChIJGRXQ2NPJ5YgRDi4sxh9YHW0?authuser=0&hl=en&rclk=1"
"XPS Xpress Jacksonville FL - Epoxy Supply Store","5.0","2","(904) 467-9637","5151 Sunbeam Rd STE 1","https://www.google.com/maps/place/XPS+Xpress+Jacksonville+FL+-+Epoxy+Supply+Store/data=!4m7!3m6!1s0x88e5cb8e13583b63:0x78181f5adfd5e55!8m2!3d30.2063102!4d-81.5801162!16s%2Fg%2F11v_17h6xk!19sChIJYztYE47L5YgRVV79rfWBgQc?authuser=0&hl=en&rclk=1"
"A&B Hardwood Flooring, Inc.","3.3","9","(904) 262-1219","10702 Hood Rd #7","https://www.google.com/maps/place/A%26B+Hardwood+Flooring,+Inc./data=!4m7!3m6!1s0x88e5cb971ffec211:0xc427facca23efa90!8m2!3d30.1834912!4d-81.5733365!16s%2Fg%2F11crzq_wz5!19sChIJEcL-H5fL5YgRkPo-osz6J8Q?authuser=0&hl=en&rclk=1"
"Ok Flooring LLC","5.0","3","(561) 713-8305","","https://www.google.com/maps/place/Ok+Flooring+LLC/data=!4m7!3m6!1s0x61ab5bdee3f9b45b:0x6f20f2647d35e1f!8m2!3d30.0000006!4d-81.6009724!16s%2Fg%2F11w5blxmjv!19sChIJW7T5495bq2ERH17TRyYP8gY?authuser=0&hl=en&rclk=1"
"Stone-Mart (Jacksonville)","5.0","19","(904) 831-0000","11530 Philips Hwy","https://www.google.com/maps/place/Stone-Mart+%28Jacksonville%29/data=!4m7!3m6!1s0x88e5b777ba776d19:0xa9ccc0eb9915ee9d!8m2!3d30.1611653!4d-81.5353142!16s%2Fg%2F11fw563_sc!19sChIJGW13une35YgRne4VmevAzKk?authuser=0&hl=en&rclk=1"
"The Tile Shop","4.1","99","(904) 404-8177","9357 Philips Hwy #1","https://www.google.com/maps/place/The+Tile+Shop/data=!4m7!3m6!1s0x88e5cba5348c123b:0x72fec4bb353cff24!8m2!3d30.1983825!4d-81.5698336!16s%2Fg%2F11_qpr0j3!19sChIJOxKMNKXL5YgRJP88NbvE_nI?authuser=0&hl=en&rclk=1"
"Florida Home Store","4.6","28","(904) 814-8447","108 Julington Plaza Dr","https://www.google.com/maps/place/Florida+Home+Store/data=!4m7!3m6!1s0x88e5cdd26c395f7d:0x335dde276031c88e!8m2!3d30.1163725!4d-81.5933755!16s%2Fg%2F1q6b28zsb!19sChIJfV85bNLN5YgRjsgxYCfeXTM?authuser=0&hl=en&rclk=1"
"Petar's Floors, Inc.","4.1","8","(904) 504-5127","11515 Knobby Way","https://www.google.com/maps/place/Petar%27s+Floors,+Inc./data=!4m7!3m6!1s0x88e5ceadbb71779d:0x49e878904c2f5297!8m2!3d30.1635956!4d-81.612608!16s%2Fg%2F1hhwy92m7!19sChIJnXdxu63O5YgRl1IvTJB46Ek?authuser=0&hl=en&rclk=1"
"Dixie Contract Carpet Inc","4.4","7","(904) 296-0023","7523 Philips Hwy","https://www.google.com/maps/place/Dixie+Contract+Carpet+Inc/data=!4m7!3m6!1s0x88e5ca180469cf2b:0xe753c79cc2bcf058!8m2!3d30.2353692!4d-81.5931439!16s%2Fg%2F1tgwt26s!19sChIJK89pBBjK5YgRWPC8wpzHU-c?authuser=0&hl=en&rclk=1"
"Redi Carpet","4.5","20","(904) 781-4300","8948 Western Way suite 20","https://www.google.com/maps/place/Redi+Carpet/data=!4m7!3m6!1s0x88e5b913dca205d3:0x882a9674248bb72f!8m2!3d30.2026196!4d-81.557843!16s%2Fg%2F1td_zf15!19sChIJ0wWi3BO55YgRL7eLJHSWKog?authuser=0&hl=en&rclk=1"
"TILE PRO USA","5.0","18","(904) 609-5953","3900 Oldfield Crossing Dr #623","https://www.google.com/maps/place/TILE+PRO+USA/data=!4m7!3m6!1s0x88e5c9fb72ec6129:0x6a1c8e3604700248!8m2!3d30.1671894!4d-81.6070052!16s%2Fg%2F11hdsxkxff!19sChIJKWHscvvJ5YgRSAJwBDaOHGo?authuser=0&hl=en&rclk=1"
"Flooring Solution","5.0","8","","","https://www.google.com/maps/place/Flooring+Solution/data=!4m7!3m6!1s0x62b7dadf12c6cf8b:0xd9e16600a77f5f59!8m2!3d30.062252!4d-81.6009724!16s%2Fg%2F11ldkjh_mg!19sChIJi8_GEt_at2IRWV9_pwBm4dk?authuser=0&hl=en&rclk=1"
"Floorworks of North Florida","2.3","3","","7660 Philips Hwy","https://www.google.com/maps/place/Floorworks+of+North+Florida/data=!4m7!3m6!1s0x88e5ca232720f1cb:0xa34e9c96c490ee7a!8m2!3d30.2317115!4d-81.592583!16s%2Fg%2F1tqcm0pt!19sChIJy_EgJyPK5YgReu6QxJacTqM?authuser=0&hl=en&rclk=1"
"Flooring Warehouse","0","0","","5250 Sunbeam Rd","https://www.google.com/maps/place/Flooring+Warehouse/data=!4m7!3m6!1s0x88e5cbb425d94e57:0x1eb0951b45fd829b!8m2!3d30.2056401!4d-81.5780315!16s%2Fg%2F11ckqn9922!19sChIJV07ZJbTL5YgRm4L9RRuVsB4?authuser=0&hl=en&rclk=1"
"Kitchen World","3.7","6","(904) 731-8325","8110 Cypress Plaza Dr STE 403","https://www.google.com/maps/place/Kitchen+World/data=!4m7!3m6!1s0x88e5b631d2cf4003:0x5f91d17f5f9aa693!8m2!3d30.237886!4d-81.5933299!16s%2Fg%2F1tdk5_j1!19sChIJA0DP0jG25YgRk6aaX3_RkV8?authuser=0&hl=en&rclk=1"
"Flooring America of North Florida","3.7","3","(904) 297-4823","7319 US","https://www.google.com/maps/place/Flooring+America+of+North+Florida/data=!4m7!3m6!1s0x88e5db99a1af6d25:0xadf21fa637f65147!8m2!3d30.0608155!4d-81.7070365!16s%2Fg%2F11s8c31_h9!19sChIJJW2voZnb5YgRR1H2N6Yf8q0?authuser=0&hl=en&rclk=1"
"G&T Flooring LLC","5.0","3","(904) 480-8317","","https://www.google.com/maps/place/G%26T+Flooring+LLC/data=!4m7!3m6!1s0x6a4e9b20b997a3e5:0x37df837652f4fe20!8m2!3d30.1905853!4d-81.608674!16s%2Fg%2F11v0zddkxd!19sChIJ5aOXuSCbTmoRIP70UnaD3zc?authuser=0&hl=en&rclk=1"
"Kame Floors Systems FL","5.0","5","(904) 914-4242","","https://www.google.com/maps/place/Kame+Floors+Systems+FL/data=!4m7!3m6!1s0x88e5c905c6e9c671:0x2c493a2a4fd115e2!8m2!3d30.077177!4d-81.603484!16s%2Fg%2F11h1_w4gyk!19sChIJccbpxgXJ5YgR4hXRTyo6SSw?authuser=0&hl=en&rclk=1"
"Classic Floors","1.3","24","(904) 886-3936","6695 Colray Ct Suite 301","https://www.google.com/maps/place/Classic+Floors/data=!4m7!3m6!1s0x88e5cc9fe44ab945:0xe3d103e1fad0685a!8m2!3d30.1617887!4d-81.5386886!16s%2Fg%2F1w0r0qwm!19sChIJRblK5J_M5YgRWmjQ-uED0eM?authuser=0&hl=en&rclk=1"
"Garage Living","4.7","76","(904) 564-9951","8570 Philips Hwy #113","https://www.google.com/maps/place/Garage+Living/data=!4m7!3m6!1s0x88e5ca355790a50f:0x28190ea574b817c9!8m2!3d30.2117708!4d-81.581375!16s%2Fg%2F11c3k9mfxq!19sChIJD6WQVzXK5YgRyRe4dKUOGSg?authuser=0&hl=en&rclk=1"
"Good Deeds Flooring","5.0","1","","","https://www.google.com/maps/place/Good+Deeds+Flooring/data=!4m7!3m6!1s0x6de106648ef09219:0xc9c90611d5811313!8m2!3d30.3164717!4d-81.6831069!16s%2Fg%2F11rl34lmrm!19sChIJGZLwjmQG4W0RExOB1REGyck?authuser=0&hl=en&rclk=1"
"Crossville Studios","3.3","6","(904) 519-8453","5210 Shad Rd","https://www.google.com/maps/place/Crossville+Studios/data=!4m7!3m6!1s0x88e5cbbb71f5bedb:0x59913ba05413defc!8m2!3d30.1925404!4d-81.5792851!16s%2Fg%2F1tfvj0by!19sChIJ2771cbvL5YgR_N4TVKA7kVk?authuser=0&hl=en&rclk=1"
"Emser Tile","3.6","14","(904) 260-6336","9450 Philips Hwy # 4","https://www.google.com/maps/place/Emser+Tile/data=!4m7!3m6!1s0x88e5cba4ee74424f:0x497e0702bbdfb263!8m2!3d30.1936279!4d-81.5678717!16s%2Fg%2F1tfjx2tw!19sChIJT0J07qTL5YgRY7LfuwIHfkk?authuser=0&hl=en&rclk=1"
"Erg flooring llc","2.3","3","(904) 314-8326","3878 Summer Grove Way S","https://www.google.com/maps/place/Erg+flooring+llc/data=!4m7!3m6!1s0x88e5c92f907ab329:0xe614e1a8ca23469a!8m2!3d30.200382!4d-81.614186!16s%2Fg%2F11h1z6vy32!19sChIJKbN6kC_J5YgRmkYjyqjhFOY?authuser=0&hl=en&rclk=1"
"RJ Floors INC","5.0","7","(904) 862-5856","","https://www.google.com/maps/place/RJ+Floors+INC/data=!4m7!3m6!1s0x25f08d67157bc857:0x12eda004657cd3e3!8m2!3d30.34499!4d-81.683107!16s%2Fg%2F11vxxqdytg!19sChIJV8h7FWeN8CUR49N8ZQSg7RI?authuser=0&hl=en&rclk=1"
"RED AND BLACK FLOORING LLC","5.0","4","(904) 444-1200","11020 Mill Pond Ct","https://www.google.com/maps/place/RED+AND+BLACK+FLOORING+LLC/data=!4m7!3m6!1s0x88e5cb482e4c0153:0x944e54a2af73e871!8m2!3d30.1745133!4d-81.5989806!16s%2Fg%2F11p3hh1mnj!19sChIJUwFMLkjL5YgRcehzr6JUTpQ?authuser=0&hl=en&rclk=1"
"Daltile, American Olean, Marazzi Sales Service Center","4.4","27","(904) 262-0444","9446 Philips Hwy #10","https://www.google.com/maps/place/Daltile,+American+Olean,+Marazzi+Sales+Service+Center/data=!4m7!3m6!1s0x88e5cba4ec3b2acf:0x88e3209ead8113b!8m2!3d30.1947102!4d-81.5691615!16s%2Fg%2F1tg517cn!19sChIJzyo77KTL5YgROxHY6gkyjgg?authuser=0&hl=en&rclk=1"
"Dexter's Surfaces Flooring and More","5.0","1","(904) 558-9600","","https://www.google.com/maps/place/Dexter%27s+Surfaces+Flooring+and+More/data=!4m7!3m6!1s0xa1c53b590b1be3e1:0x456aae5ba0ed0df2!8m2!3d30.221576!4d-81.657716!16s%2Fg%2F11t28f74zq!19sChIJ4eMbC1k7xaER8g3toFuuakU?authuser=0&hl=en&rclk=1"
"Jaguar Hardwood Floor Installers Jacksonville","5.0","1","(904) 914-3314","","https://www.google.com/maps/place/Jaguar+Hardwood+Floor+Installers+Jacksonville/data=!4m7!3m6!1s0x88e5cd012c772413:0xe083cef23b6f8ca8!8m2!3d30.247802!4d-81.6685254!16s%2Fg%2F11mxxwfbtd!19sChIJEyR3LAHN5YgRqIxvO_LOg-A?authuser=0&hl=en&rclk=1"
"NCS FLOORS","5.0","5","(904) 703-0181","","https://www.google.com/maps/place/NCS+FLOORS/data=!4m7!3m6!1s0x88e5c968be75e3ff:0xd9e1307fa8b93b3c!8m2!3d27.698638!4d-83.804601!16s%2Fg%2F11fsn80g3l!19sChIJ_-N1vmjJ5YgRPDu5qH8w4dk?authuser=0&hl=en&rclk=1"
"Conolly Construction","5.0","26","(904) 704-7393","10940 Mandarin Station Dr W","https://www.google.com/maps/place/Conolly+Construction/data=!4m7!3m6!1s0x88e5cbac5eff1251:0xe38d80b2974c1c3!8m2!3d30.1786118!4d-81.5913221!16s%2Fg%2F11v69ywhs1!19sChIJURL_XqzL5YgRw8F0KQvYOA4?authuser=0&hl=en&rclk=1"
"Jax Flooring LLC","5.0","2","(904) 483-0303","","https://www.google.com/maps/place/Jax+Flooring+LLC/data=!4m7!3m6!1s0x8897c531afbcaf97:0x5f2721fc9b2de2d2!8m2!3d30.0455285!4d-81.9212001!16s%2Fg%2F11vqnbv5db!19sChIJl6-8rzHFl4gR0uItm_whJ18?authuser=0&hl=en&rclk=1"
"R.G Flooring and Painting","5.0","6","(239) 692-7406","","https://www.google.com/maps/place/R.G+Flooring+and+Painting/data=!4m7!3m6!1s0xa5b8b79d080e9153:0x5a7993fb720c56ed!8m2!3d28.4699475!4d-81.0537829!16s%2Fg%2F11v19c0gdc!19sChIJU5EOCJ23uKUR7VYMcvuTeVo?authuser=0&hl=en&rclk=1"
"A & B Flooring Inc","3.1","14","(904) 262-1219","1184 Mill Creek Dr","https://www.google.com/maps/place/A+%26+B+Flooring+Inc/data=!4m7!3m6!1s0x88e5cb58d2bc7b4b:0xfcd7c29c5f1815bf!8m2!3d30.0918627!4d-81.6297609!16s%2Fg%2F1thbxh2t!19sChIJS3u80ljL5YgRvxUYX5zC1_w?authuser=0&hl=en&rclk=1"
"Greystone Kitchens","4.3","147","(904) 213-9100","9456 Philips Hwy # 9","https://www.google.com/maps/place/Greystone+Kitchens/data=!4m7!3m6!1s0x88e5c441a886370b:0xf98b9512baccbf30!8m2!3d30.1912002!4d-81.5656127!16s%2Fg%2F11clv6zlr0!19sChIJCzeGqEHE5YgRML_MuhKVi_k?authuser=0&hl=en&rclk=1"
"Merkaj Flooring Solution","","","(904) 862-0201","9440 Genna Trace Trail","https://www.google.com/maps/place/Merkaj+Flooring+Solution/data=!4m7!3m6!1s0x88e5c97dd8145967:0x90b7b0af2a80f9d4!8m2!3d30.2069535!4d-81.6054879!16s%2Fg%2F11vwf3lfmh!19sChIJZ1kU2H3J5YgR1PmAKq-wt5A?authuser=0&hl=en&rclk=1"
"Thompson Wood Flooring, Inc","3.4","10","(904) 739-6614","","https://www.google.com/maps/place/Thompson+Wood+Flooring,+Inc/data=!4m7!3m6!1s0x88e434c000000001:0xb0f25f6a7cf0ef9a!8m2!3d30.34499!4d-81.6831069!16s%2Fg%2F1tdqcc_g!19sChIJAQAAAMA05IgRmu_wfGpf8rA?authuser=0&hl=en&rclk=1"
"Lifestyle Flooring","0","0","","","https://www.google.com/maps/place/Lifestyle+Flooring/data=!4m7!3m6!1s0x88e5ca0156275d0f:0x97a56413681287f5!8m2!3d30.2523822!4d-81.5985036!16s%2Fg%2F11h70pvcty!19sChIJD10nVgHK5YgR9YcSaBNkpZc?authuser=0&hl=en&rclk=1"
"Fusion Floors","","","(904) 731-0063","8409 Baymeadows Rd","https://www.google.com/maps/place/Fusion+Floors/data=!4m7!3m6!1s0x88e5cbe9f86352dd:0x1e819b460f4ce2d9!8m2!3d30.2215535!4d-81.5833143!16s%2Fg%2F11vwd8ly9j!19sChIJ3VJj-OnL5YgR2eJMD0abgR4?authuser=0&hl=en&rclk=1"
"OutLaw Floors LLC","4.3","4","(904) 803-3629","7862 Jolliet Dr now","https://www.google.com/maps/place/OutLaw+Floors+LLC/data=!4m7!3m6!1s0x88e5cb6ed65f32dd:0x8113e002f81266a8!8m2!3d30.2371013!4d-81.6032781!16s%2Fg%2F11fs9zmt42!19sChIJ3TJf1m7L5YgRqGYS-ALgE4E?authuser=0&hl=en&rclk=1"
"An Arm and a Leg Flooring and More","5.0","4","(904) 903-9496","","https://www.google.com/maps/place/An+Arm+and+a+Leg+Flooring+and+More/data=!4m7!3m6!1s0x88e5c974160dac77:0xcc5095cb36e8b849!8m2!3d30.3768905!4d-81.6831069!16s%2Fg%2F11ngpkscgm!19sChIJd6wNFnTJ5YgRSbjoNsuVUMw?authuser=0&hl=en&rclk=1"
"Michael's Rug Studio","5.0","31","(904) 504-4665","7119 Bentley Rd","https://www.google.com/maps/place/Michael%27s+Rug+Studio/data=!4m7!3m6!1s0x88e5cba325120913:0x40a2365a2d1121bd!8m2!3d30.2447882!4d-81.5955724!16s%2Fg%2F11jgdmrykm!19sChIJEwkSJaPL5YgRvSERLVo2okA?authuser=0&hl=en&rclk=1"
"9680 Contract Carpet Inc","","","(904) 260-9680","9680 Contract Carpet Inc No reviewsFlooring store","https://www.google.com/maps/place/9680+Contract+Carpet+Inc/data=!4m7!3m6!1s0x88e5cb978820827f:0x10b6e1eef295257f!8m2!3d30.185552!4d-81.570611!16s%2Fg%2F1v27w9lt!19sChIJf4IgiJfL5YgRfyWV8u7hthA?authuser=0&hl=en&rclk=1"
"WJC Home Improvement | The Remodel Company","4.5","8","(904) 914-4477","5570 Florida Mining Blvd S STE 304","https://www.google.com/maps/place/WJC+Home+Improvement+%7C+The+Remodel+Company/data=!4m7!3m6!1s0x24726abe67761f7f:0x3ad7051bf80c401b!8m2!3d30.1857887!4d-81.569732!16s%2Fg%2F11smgfjjh7!19sChIJfx92Z75qciQRG0AM-BsF1zo?authuser=0&hl=en&rclk=1"
"Caesarstone Jacksonville Showroom & Distribution Center","4.9","38","(904) 538-0098","9093 Philips Hwy #301","https://www.google.com/maps/place/Caesarstone+Jacksonville+Showroom+%26+Distribution+Center/data=!4m7!3m6!1s0x88e5cbb0fdff3053:0x324aa65f85da85b0!8m2!3d30.2021013!4d-81.5725256!16s%2Fg%2F1tdcmspn!19sChIJUzD__bDL5YgRsIXahV-mSjI?authuser=0&hl=en&rclk=1"
"Jaffe Rug Gallery","5.0","18","(904) 730-2121","8206 Philips Hwy","https://www.google.com/maps/place/Jaffe+Rug+Gallery/data=!4m7!3m6!1s0x88e5ca36d22b5f51:0x597fbf134471900a!8m2!3d30.2201749!4d-81.5860549!16s%2Fg%2F1td1f70_!19sChIJUV8r0jbK5YgRCpBxRBO_f1k?authuser=0&hl=en&rclk=1"
"Floors Right","0","0","(904) 343-6013","4193 Oldfield Crossing Dr #200","https://www.google.com/maps/place/Floors+Right/data=!4m7!3m6!1s0x88e5cbf9b01976cd:0xe3d27805518ecdc8!8m2!3d30.167212!4d-81.6024568!16s%2Fg%2F11flnb9skf!19sChIJzXYZsPnL5YgRyM2OUQV40uM?authuser=0&hl=en&rclk=1"
"Dominant Flooring","5.0","2","(904) 327-0440","","https://www.google.com/maps/place/Dominant+Flooring/data=!4m7!3m6!1s0x65751154b9bb58e3:0xabecb9fb4152250a!8m2!3d30.34499!4d-81.6831069!16s%2Fg%2F11y3klk991!19sChIJ41i7uVQRdWURCiVSQfu57Ks?authuser=0&hl=en&rclk=1"
"Elite Cabinet Jax","5.0","6","(904) 329-2087","8221 Southside Blvd Suite 6","https://www.google.com/maps/place/Elite+Cabinet+Jax/data=!4m7!3m6!1s0x88e5cbca8a066e03:0xa6e910ea63c7e3d1!8m2!3d30.2200452!4d-81.5509442!16s%2Fg%2F11tr_7yj7j!19sChIJA24GisrL5YgR0ePHY-oQ6aY?authuser=0&hl=en&rclk=1"
"CSS Flooring and Remodeling","5.0","2","(904) 805-5609","13800 Egrets Nest Dr unit 438","https://www.google.com/maps/place/CSS+Flooring+and+Remodeling/data=!4m7!3m6!1s0x88e5cd68f3fcfb25:0x2a35db019565c4fd!8m2!3d30.1251775!4d-81.5221371!16s%2Fg%2F11hfj_xk_t!19sChIJJfv882jN5YgR_cRllQHbNSo?authuser=0&hl=en&rclk=1"
"Steven & Joey Tile Art, LLC","5.0","1","(904) 401-2893","","https://www.google.com/maps/place/Steven+%26+Joey+Tile+Art,+LLC/data=!4m7!3m6!1s0x88e5cc0a3cec47d9:0x39f1fc54c8340946!8m2!3d30.104332!4d-81.6001594!16s%2Fg%2F11c5s5kz6d!19sChIJ2UfsPArM5YgRRgk0yFT88Tk?authuser=0&hl=en&rclk=1"
"UMI Stone","5.0","42","(904) 371-4471","8686 Philips Hwy","https://www.google.com/maps/place/UMI+Stone/data=!4m7!3m6!1s0x88e5cbca3053fa19:0x306c9c2759169db4!8m2!3d30.2088223!4d-81.5796334!16s%2Fg%2F11b5zzrf7l!19sChIJGfpTMMrL5YgRtJ0WWSecbDA?authuser=0&hl=en&rclk=1"
"The Home Renovations Services - Painting & Remodeling Company - Garage Floors- Licensed & Insured","5.0","2","(904) 600-1689","","https://www.google.com/maps/place/The+Home+Renovations+Services+-+Painting+%26+Remodeling+Company+-+Garage+Floors-+Licensed+%26+Insured/data=!4m7!3m6!1s0x88e5c9d4974fb7d1:0xbd3063564cc21043!8m2!3d30.226178!4d-81.600574!16s%2Fg%2F11fvmk2kgt!19sChIJ0bdPl9TJ5YgRQxDCTFZjML0?authuser=0&hl=en&rclk=1"
"Follow Inc Liquidation Pallets","5.0","75","(224) 500-6497","8230 Baycenter Rd Suite 4","https://www.google.com/maps/place/Follow+Inc+Liquidation+Pallets/data=!4m7!3m6!1s0x88e5cbd33f020ee9:0x6a669beca396b878!8m2!3d30.2268657!4d-81.5871564!16s%2Fg%2F11l2j6s95p!19sChIJ6Q4CP9PL5YgReLiWo-ybZmo?authuser=0&hl=en&rclk=1"
"John Thi Flooring Inc","3.0","2","(904) 614-8779","","https://www.google.com/maps/place/John+Thi+Flooring+Inc/data=!4m7!3m6!1s0x88e5b67590a679e3:0x3ab7c95c290a68d2!8m2!3d30.24704!4d-81.8109234!16s%2Fg%2F11cks30yvx!19sChIJ43mmkHW25YgR0mgKKVzJtzo?authuser=0&hl=en&rclk=1"
"Floor Removal Inc","5.0","3","(904) 237-8399","","https://www.google.com/maps/place/Floor+Removal+Inc/data=!4m7!3m6!1s0x88e5b6ec00000001:0x4701a67abf92a2ce!8m2!3d30.104332!4d-81.6001594!16s%2Fg%2F1v7tm5w6!19sChIJAQAAAOy25YgRzqKSv3qmAUc?authuser=0&hl=en&rclk=1"
"CFR Cabinets Floors and Remodeling, Inc.","","","(904) 329-4842","11672 Philips Hwy #5","https://www.google.com/maps/place/CFR+Cabinets+Floors+and+Remodeling,+Inc./data=!4m7!3m6!1s0x88e5cca14a8f3a8d:0xe4b9e74f5c77d03c!8m2!3d30.1578921!4d-81.5324078!16s%2Fg%2F119x3dq72!19sChIJjTqPSqHM5YgRPNB3XE_nueQ?authuser=0&hl=en&rclk=1"
"Stone Creations Kitchen & Floors","1.0","4","(904) 705-8222","","https://www.google.com/maps/place/Stone+Creations+Kitchen+%26+Floors/data=!4m7!3m6!1s0x88e5cbd699ec5449:0xfe85d247207ef83d!8m2!3d30.34499!4d-81.6831069!16s%2Fg%2F11cs4fwz1n!19sChIJSVTsmdbL5YgRPfh-IEfShf4?authuser=0&hl=en&rclk=1"
"PARADISE TILE SERVICES LLC","4.5","8","(904) 525-6411","10275 Old St Augustine Rd Apt 1017","https://www.google.com/maps/place/PARADISE+TILE+SERVICES+LLC/data=!4m7!3m6!1s0x88e5c99dbed6f9bf:0x112b5f2d4df5399b!8m2!3d30.1902712!4d-81.6076813!16s%2Fg%2F11s94g9hqr!19sChIJv_nWvp3J5YgRmzn1TS1fKxE?authuser=0&hl=en&rclk=1"
"Commercial Flooring System LLC","","","(904) 296-0023","7523 Philips Hwy","https://www.google.com/maps/place/Commercial+Flooring+System+LLC/data=!4m7!3m6!1s0x88e5ca180469cf2b:0x45d1391717fb8f7b!8m2!3d30.235345!4d-81.592967!16s%2Fg%2F1tgpnvlg!19sChIJK89pBBjK5YgRe4_7Fxc50UU?authuser=0&hl=en&rclk=1"
"JM Tile Remodeling","5.0","1","(904) 654-1164","","https://www.google.com/maps/place/JM+Tile+Remodeling/data=!4m7!3m6!1s0xaa819154868c6791:0xa62ce9884723be94!8m2!3d27.698638!4d-83.804601!16s%2Fg%2F11rj5xs63k!19sChIJkWeMhlSRgaoRlL4jR4jpLKY?authuser=0&hl=en&rclk=1"
"Dajani Tile Inc","4.1","14","(904) 440-9560","","https://www.google.com/maps/place/Dajani+Tile+Inc/data=!4m7!3m6!1s0x88e5cbede0a05f33:0xcfc5833cdb9bcd0a!8m2!3d30.077177!4d-81.8109234!16s%2Fg%2F11hd78bp_f!19sChIJM1-g4O3L5YgRCs2b2zyDxc8?authuser=0&hl=en&rclk=1"
"ELM Construction","5.0","1","(904) 993-1345","","https://www.google.com/maps/place/ELM+Construction/data=!4m7!3m6!1s0xa1ba612d8a393989:0xa855c6107646ba33!8m2!3d30.34499!4d-81.6831069!16s%2Fg%2F11rv4x39p8!19sChIJiTk5ii1huqERM7pGdhDGVag?authuser=0&hl=en&rclk=1"
"JAX ELITE GROUP","5.0","10","(904) 333-0998","","https://www.google.com/maps/place/JAX+ELITE+GROUP/data=!4m7!3m6!1s0x88e5cdff85194919:0xc84cc0d54690842b!8m2!3d30.2838274!4d-81.6577159!16s%2Fg%2F11h21qlclw!19sChIJGUkZhf_N5YgRK4SQRtXATMg?authuser=0&hl=en&rclk=1"
"Empire kitchen and bath","5.0","59","(904) 230-7448","5285 Shad Rd unit 301","https://www.google.com/maps/place/Empire+kitchen+and+bath/data=!4m7!3m6!1s0x88e5cb506f3b3aa1:0x4bfd6fb54b9ed4a6!8m2!3d30.1938035!4d-81.5782132!16s%2Fg%2F11swzhjzml!19sChIJoTo7b1DL5YgRptSeS7Vv_Us?authuser=0&hl=en&rclk=1"
"C. Harb's Rugs","5.0","29","(904) 733-0203","7660 Philips Hwy Suite 1","https://www.google.com/maps/place/C.+Harb%27s+Rugs/data=!4m7!3m6!1s0x88e5ca232720f1cb:0xc6dc330f4ecc3049!8m2!3d30.2317229!4d-81.5927997!16s%2Fg%2F1w3w3vtj!19sChIJy_EgJyPK5YgRSTDMTg8z3MY?authuser=0&hl=en&rclk=1"
"A Plus Flooring","","","(904) 756-7590","12373 Hood Landing Rd","https://www.google.com/maps/place/A+Plus+Flooring/data=!4m7!3m6!1s0x88e5cddc9e8ae8a1:0x3fa9df4eb234b6c6!8m2!3d30.1466499!4d-81.5953474!16s%2Fg%2F11l75bxcpc!19sChIJoeiKntzN5YgRxrY0sk7fqT8?authuser=0&hl=en&rclk=1"
"Jimmie Wilson Epoxy Flooring and Painting","5.0","3","(904) 736-4044","","https://www.google.com/maps/place/Jimmie+Wilson+Epoxy+Flooring+and+Painting/data=!4m7!3m6!1s0x88e5c90bcee1fa73:0xcc644253bbfb71f0!8m2!3d30.34499!4d-81.6831069!16s%2Fg%2F11h79k4s00!19sChIJc_rhzgvJ5YgR8HH7u1NCZMw?authuser=0&hl=en&rclk=1"
"Kame Floors System LLC - Tile Installers - Commercial & Residentials","","","(904) 914-4242","","https://www.google.com/maps/place/Kame+Floors+System+LLC+-+Tile+Installers+-+Commercial+%26+Residentials/data=!4m7!3m6!1s0x88e5cd2867d452af:0xd74eebc9816246a!8m2!3d30.246928!4d-81.3782491!16s%2Fg%2F11jfjz2r0f!19sChIJr1LUZyjN5YgRaiQWmLzudA0?authuser=0&hl=en&rclk=1"
"Rabelo’s Floor","","","(201) 852-8116","","https://www.google.com/maps/place/Rabelo%E2%80%99s+Floor/data=!4m7!3m6!1s0x88e5cb02af71ea01:0xfb65c8d41232d0c9!8m2!3d30.34499!4d-81.6831069!16s%2Fg%2F11rfd6x26h!19sChIJAepxrwLL5YgRydAyEtTIZfs?authuser=0&hl=en&rclk=1"
"Silva’s fine wood flooring","","","(904) 802-1828","3427 Scrimshaw Dr now","https://www.google.com/maps/place/Silva%E2%80%99s+fine+wood+flooring/data=!4m7!3m6!1s0x88e5c9f941c4361f:0x9c98ea634873ad0a!8m2!3d30.1887318!4d-81.6213826!16s%2Fg%2F11h42kt02l!19sChIJHzbEQfnJ5YgRCq1zSGPqmJw?authuser=0&hl=en&rclk=1"
"Kitchen Design Cabinets","4.7","48","(904) 229-7895","10210 San Jose Blvd","https://www.google.com/maps/place/Kitchen+Design+Cabinets/data=!4m7!3m6!1s0x88e5c9a86c9c1a53:0xaa6d53d00f64d779!8m2!3d30.1924333!4d-81.6257736!16s%2Fg%2F11gm9v_nh2!19sChIJUxqcbKjJ5YgReddkD9BTbao?authuser=0&hl=en&rclk=1"
"Excellence Flooring General Services","","","(904) 514-7332","","https://www.google.com/maps/place/Excellence+Flooring+General+Services/data=!4m7!3m6!1s0x4c703a6acb6364c7:0xddb1f17193e71d34!8m2!3d30.2650915!4d-81.6558304!16s%2Fg%2F11y1x50d8_!19sChIJx2Rjy2o6cEwRNB3nk3Hxsd0?authuser=0&hl=en&rclk=1"
"Cubix Inc","5.0","5","(904) 780-5424","9454 Philips Hwy #3","https://www.google.com/maps/place/Cubix+Inc/data=!4m7!3m6!1s0x88e5cba4ede03679:0x39a7b131b276e184!8m2!3d30.191714!4d-81.5664123!16s%2Fg%2F1thsgrb5!19sChIJeTbg7aTL5YgRhOF2sjGxpzk?authuser=0&hl=en&rclk=1"
"Dream Flooring Installation","","","(904) 984-8703","","https://www.google.com/maps/place/Dream+Flooring+Installation/data=!4m7!3m6!1s0x4edc3a91ac729d57:0xa1acde3bd289ab61!8m2!3d30.34499!4d-81.6831069!16s%2Fg%2F11ldmj20tj!19sChIJV51yrJE63E4RYauJ0jverKE?authuser=0&hl=en&rclk=1"
"Lowe's Home Improvement","4.1","2,338","(904) 828-5170","8054 Philips HwyHome improvement","https://www.google.com/maps/place/Lowe%27s+Home+Improvement/data=!4m7!3m6!1s0x88e5ca30c7bcd207:0x58928ba18fdc6878!8m2!3d30.221972!4d-81.588516!16s%2Fg%2F1tksp581!19sChIJB9K8xzDK5YgReGjcj6GLklg?authuser=0&hl=en&rclk=1"
"Fl best flooring inc","","","(904) 887-8931","4038 Hardy Dr now","https://www.google.com/maps/place/Fl+best+flooring+inc/data=!4m7!3m6!1s0x88e5c9af1ebdac29:0x5f8b806d3a3f13a!8m2!3d30.1745582!4d-81.6108285!16s%2Fg%2F11rd968f9x!19sChIJKay9Hq_J5YgROvGj0wa4-AU?authuser=0&hl=en&rclk=1"
"5 STARS FLOORING CORP.","","","","5 STARS FLOORING CORP","https://www.google.com/maps/place/5+STARS+FLOORING+CORP./data=!4m7!3m6!1s0xb57c43368d8b1c3:0x1fe69b44021fbbff!8m2!3d30.2650915!4d-81.6558304!16s%2Fg%2F11y4yb65xv!19sChIJw7HYaDPEVwsR_7sfAkSb5h8?authuser=0&hl=en&rclk=1"
"Surfaces Flooring and More","","","(904) 558-9600","10275 Old St Augustine Rd now","https://www.google.com/maps/place/Surfaces+Flooring+and+More/data=!4m7!3m6!1s0x88e5c960a1ebffff:0x39e0bb3546fe69c2!8m2!3d30.1902712!4d-81.6076813!16s%2Fg%2F11srgk37dz!19sChIJ___roWDJ5YgRwmn-RjW74Dk?authuser=0&hl=en&rclk=1"
"Lowe's Home Improvement","4.1","2,306","(904) 886-7112","4040 Oldfield Crossing DrHome improvement","https://www.google.com/maps/place/Lowe%27s+Home+Improvement/data=!4m7!3m6!1s0x88e5c95552816ceb:0x403fbd7a60ddb1ed!8m2!3d30.1673633!4d-81.6045103!16s%2Fg%2F1v2pr0fk!19sChIJ62yBUlXJ5YgR7bHdYHq9P0A?authuser=0&hl=en&rclk=1"
"Action Commercial Flooring Inc","","","(904) 288-0588","11341 Distribution Ave E # 4","https://www.google.com/maps/place/Action+Commercial+Flooring+Inc/data=!4m7!3m6!1s0x88e5cb58690fb4bd:0x95d0f682d4dd9688!8m2!3d30.1633456!4d-81.5284981!16s%2Fg%2F1tzlzsl7!19sChIJvbQPaVjL5YgRiJbd1IL20JU?authuser=0&hl=en&rclk=1"
"RF Remodeling Solutions","5.0","12","(904) 723-9025","12932 Tree Way Ln S","https://www.google.com/maps/place/RF+Remodeling+Solutions/data=!4m7!3m6!1s0x88e5cdad64fe1d3b:0xf863aa7bace2386d!8m2!3d30.1342106!4d-81.5663454!16s%2Fg%2F11j32tgv8j!19sChIJOx3-ZK3N5YgRbTjirHuqY_g?authuser=0&hl=en&rclk=1"
"Masters Building Products - Jacksonville, FL","4.6","13","(904) 527-3062","8051 Bayberry RdTemporarily closed","https://www.google.com/maps/place/Masters+Building+Products+-+Jacksonville,+FL/data=!4m7!3m6!1s0x88e5cbe3a6782685:0xe2d2d4f5f084eb1f!8m2!3d30.2245361!4d-81.5830172!16s%2Fg%2F11f68v6z8t!19sChIJhSZ4puPL5YgRH-uE8PXU0uI?authuser=0&hl=en&rclk=1"
"Ace Handyman Services Jax Beach","4.9","318","(904) 414-6104","6950 Philips Hwy #27","https://www.google.com/maps/place/Ace+Handyman+Services+Jax+Beach/data=!4m7!3m6!1s0x88e5cb4b09238987:0xfc217f2b36be94c2!8m2!3d30.2461451!4d-81.6034293!16s%2Fg%2F11pts7_kp1!19sChIJh4kjCUvL5YgRwpS-Nit_Ifw?authuser=0&hl=en&rclk=1"